"source","term_name","term_id","adjusted_p_value","negative_log10_of_adjusted_p_value","term_size","query_size","intersection_size","effective_domain_size","intersections"
"GO:MF","voltage-gated channel activity","GO:0022832","0.0000022442152806783976","5.648935484881923","93","99","17","4003","SCN1A,SCN8A,SCN5A,SCN10A,CACNA1S,CACNA1H,SCN9A,KCNQ2,GRIN2B,SCN2A,KCNH2,SCN4A,KCNQ1,CACNA1F,CACNA1A,NALCN,ABCC8"
"GO:MF","voltage-gated ion channel activity","GO:0005244","0.0000022442152806783976","5.648935484881923","93","99","17","4003","SCN1A,SCN8A,SCN5A,SCN10A,CACNA1S,CACNA1H,SCN9A,KCNQ2,GRIN2B,SCN2A,KCNH2,SCN4A,KCNQ1,CACNA1F,CACNA1A,NALCN,ABCC8"
"GO:MF","voltage-gated sodium channel activity","GO:0005248","0.000027601475510710013","4.559067700940904","21","99","9","4003","SCN1A,SCN8A,SCN5A,SCN10A,CACNA1H,SCN9A,SCN2A,SCN4A,NALCN"
"GO:MF","protein-containing complex binding","GO:0044877","0.00012070250401382822","3.9182837202248706","474","99","34","4003","LDLR,FBN1,MYH7,MSH2,MLH1,FLNA,TP53,MSH6,ATM,CFTR,MTOR,SPTAN1,FLNB,FLNC,MYO7A,APC,MYH6,VWF,PTCH1,MYO1A,MYH3,TRPV4,CPS1,MYH14,COL3A1,CASR,COL5A1,TSC1,PTPN11,LAMA3,OTOF,ACVRL1,NIPBL,COMP"
"GO:MF","gated channel activity","GO:0022836","0.00016553964341537656","3.781097984638567","154","99","19","4003","SCN1A,SCN8A,SCN5A,SCN10A,CACNA1S,CACNA1H,CFTR,SCN9A,KCNQ2,GRIN2B,SCN2A,KCNH2,SCN4A,TRPV4,KCNQ1,CACNA1F,CACNA1A,NALCN,ABCC8"
"GO:MF","extracellular matrix structural constituent","GO:0005201","0.0001860848920831692","3.730288885070497","92","99","15","4003","FBN1,COL4A5,FBN2,COL6A3,COL7A1,VWF,COL10A1,FBN3,COL3A1,COL4A2,COL5A1,LAMA2,LAMA3,COL2A1,COMP"
"GO:MF","cation channel activity","GO:0005261","0.00041215812236010103","3.3849361371367563","145","99","18","4003","SCN1A,SCN8A,SCN5A,SCN10A,CACNA1S,CACNA1H,SCN9A,KCNQ2,GRIN2B,SCN2A,KCNH2,SCN4A,TRPV4,KCNQ1,CACNA1F,CACNA1A,NALCN,ABCC8"
"GO:MF","metal ion transmembrane transporter activity","GO:0046873","0.0005174953355917949","3.286093560336502","183","99","20","4003","SCN1A,SCN8A,SCN5A,SCN10A,CACNA1S,ATP7A,CACNA1H,SCN9A,KCNQ2,GRIN2B,SCN2A,KCNH2,SCN4A,ATP7B,TRPV4,KCNQ1,CACNA1F,CACNA1A,NALCN,ABCC8"
"GO:MF","sodium channel activity","GO:0005272","0.001542344447371674","2.8118186257094138","31","99","9","4003","SCN1A,SCN8A,SCN5A,SCN10A,CACNA1H,SCN9A,SCN2A,SCN4A,NALCN"
"GO:MF","ion channel activity","GO:0005216","0.002734018922833839","2.5631984838962585","182","99","19","4003","SCN1A,SCN8A,SCN5A,SCN10A,CACNA1S,CACNA1H,CFTR,SCN9A,KCNQ2,GRIN2B,SCN2A,KCNH2,SCN4A,TRPV4,KCNQ1,CACNA1F,CACNA1A,NALCN,ABCC8"
"GO:MF","channel activity","GO:0015267","0.009865206592630557","2.0058938155207624","197","99","19","4003","SCN1A,SCN8A,SCN5A,SCN10A,CACNA1S,CACNA1H,CFTR,SCN9A,KCNQ2,GRIN2B,SCN2A,KCNH2,SCN4A,TRPV4,KCNQ1,CACNA1F,CACNA1A,NALCN,ABCC8"
"GO:MF","passive transmembrane transporter activity","GO:0022803","0.009865206592630557","2.0058938155207624","197","99","19","4003","SCN1A,SCN8A,SCN5A,SCN10A,CACNA1S,CACNA1H,CFTR,SCN9A,KCNQ2,GRIN2B,SCN2A,KCNH2,SCN4A,TRPV4,KCNQ1,CACNA1F,CACNA1A,NALCN,ABCC8"
"GO:MF","inorganic molecular entity transmembrane transporter activity","GO:0015318","0.013037750815318798","1.8847973236920728","287","99","23","4003","SCN1A,SCN8A,SCN5A,SCN10A,CACNA1S,ATP7A,CACNA1H,CFTR,SCN9A,KCNQ2,GRIN2B,SCN2A,KCNH2,SCN4A,ATP7B,TRPV4,SLC26A4,KCNQ1,ABCC6,CACNA1F,CACNA1A,NALCN,ABCC8"
"GO:MF","extracellular matrix structural constituent conferring tensile strength","GO:0030020","0.02598533281807819","1.5852717163962806","31","99","8","4003","COL4A5,COL6A3,COL7A1,COL10A1,COL3A1,COL4A2,COL5A1,COL2A1"
"GO:MF","inorganic cation transmembrane transporter activity","GO:0022890","0.04035578562818769","1.3940941936241218","237","99","20","4003","SCN1A,SCN8A,SCN5A,SCN10A,CACNA1S,ATP7A,CACNA1H,SCN9A,KCNQ2,GRIN2B,SCN2A,KCNH2,SCN4A,ATP7B,TRPV4,KCNQ1,CACNA1F,CACNA1A,NALCN,ABCC8"
"GO:BP","neuronal action potential","GO:0019228","0.0000023721848539242306","5.624851471331723","23","99","10","4003","SCN1A,SCN8A,SCN5A,SCN10A,CACNA1H,MTOR,SCN9A,SCN2A,SCN4A,MYH14"
"GO:BP","system process","GO:0003008","0.0003878286662105466","3.4113600933569956","838","99","46","4003","LDLR,MYH7,SCN1A,NF1,SCN8A,SCN5A,SCN10A,FLNA,CACNA1S,ABCA4,CACNA1H,MTOR,SCN9A,HBB,GRIN2B,MYO7A,SCN2A,KCNH2,CHD7,SCN4A,MECP2,MYH6,LMNA,MYO1A,EXT2,MYH3,TRPV4,CPS1,SLC26A4,KCNQ1,ABCC6,MYH14,CACNA1F,NOTCH1,CASR,GAA,CRB1,TSC1,MYBPC3,PTPN11,COL2A1,OTOF,ABCC8,ACVRL1,NIPBL,COMP"
"GO:BP","regulation of biological quality","GO:0065008","0.000759328045700636","3.1195705592053318","1331","99","60","4003","LDLR,MYH7,SCN1A,NF1,SCN8A,SCN5A,MLH1,SCN10A,FLNA,TP53,ABCA4,ATP7A,CACNA1H,CFTR,MTOR,SPTAN1,PAH,SCN9A,HBB,CREBBP,GRIN2B,ABCD1,APC,SCN2A,F8,KCNH2,CHD7,SCN4A,MECP2,MYH6,LMNA,ATP7B,VWF,PTCH1,EXT2,TRPV4,CPS1,SLC26A4,KCNQ1,ABCC6,MYH14,CACNA1A,NOTCH1,COL3A1,CASR,GAA,CRB1,EHMT1,TUBA1A,TSC1,NALCN,LAMA2,PTPN11,COL2A1,VHL,FLG,OTOF,ABCC8,ACVRL1,COMP"
"GO:BP","blood circulation","GO:0008015","0.0015364774396683233","2.8134738121726457","235","99","22","4003","MYH7,SCN1A,SCN5A,SCN10A,FLNA,CACNA1H,MTOR,HBB,KCNH2,CHD7,MECP2,MYH6,EXT2,TRPV4,CPS1,KCNQ1,CASR,GAA,MYBPC3,ABCC8,ACVRL1,COMP"
"GO:BP","membrane depolarization during action potential","GO:0086010","0.001542344447371674","2.8118186257094138","31","99","9","4003","SCN1A,SCN8A,SCN5A,SCN10A,CACNA1H,SCN9A,SCN2A,KCNH2,SCN4A"
"GO:BP","muscle system process","GO:0003012","0.0017254472975580543","2.763098301356134","216","99","21","4003","MYH7,SCN1A,SCN5A,SCN10A,FLNA,CACNA1S,CACNA1H,MTOR,KCNH2,SCN4A,MYH6,LMNA,MYH3,TRPV4,KCNQ1,MYH14,NOTCH1,GAA,MYBPC3,ABCC8,COMP"
"GO:BP","circulatory system development","GO:0072359","0.0017315624505594034","2.761561840560235","498","99","33","4003","TSC2,BRCA1,LDLR,FBN1,MYH7,NF1,SCN5A,FLNA,TP53,ATP7A,ATM,MTOR,NOTCH3,CHD7,MECP2,MYH6,LMNA,PTCH1,KCNQ1,DNAH5,NOTCH1,COL3A1,GAA,COL4A2,COL5A1,TSC1,MYBPC3,PTPN11,COL2A1,ABCC8,ACVRL1,NIPBL,COMP"
"GO:BP","regulation of ion transmembrane transport","GO:0034765","0.0018572130135139956","2.731138281888527","197","99","20","4003","SCN1A,SCN8A,SCN5A,SCN10A,FLNA,CACNA1S,ATP7A,CACNA1H,CFTR,SCN9A,KCNQ2,SCN2A,KCNH2,CHD7,SCN4A,KCNQ1,CACNA1F,CACNA1A,NALCN,ABCC8"
"GO:BP","heart development","GO:0007507","0.004161315401968265","2.38076936612408","315","99","25","4003","TSC2,FBN1,MYH7,NF1,SCN5A,FLNA,TP53,ATM,MTOR,CHD7,MYH6,LMNA,PTCH1,KCNQ1,DNAH5,NOTCH1,COL3A1,GAA,COL5A1,TSC1,MYBPC3,PTPN11,COL2A1,ACVRL1,NIPBL"
"GO:BP","striated muscle contraction","GO:0006941","0.004277112497681472","2.3688493266709987","115","99","15","4003","MYH7,SCN1A,SCN5A,SCN10A,FLNA,MTOR,KCNH2,SCN4A,MYH6,MYH3,TRPV4,KCNQ1,MYH14,GAA,MYBPC3"
"GO:BP","regulation of transmembrane transport","GO:0034762","0.004837452431269613","2.315383292554674","229","99","21","4003","SCN1A,SCN8A,SCN5A,SCN10A,FLNA,CACNA1S,ATP7A,CACNA1H,CFTR,SCN9A,KCNQ2,SCN2A,KCNH2,CHD7,SCN4A,KCNQ1,CACNA1F,CACNA1A,NALCN,PTPN11,ABCC8"
"GO:BP","transmission of nerve impulse","GO:0019226","0.005275309030556712","2.277752094071144","46","99","10","4003","SCN1A,SCN8A,SCN5A,SCN10A,CACNA1H,MTOR,SCN9A,SCN2A,SCN4A,MYH14"
"GO:BP","action potential","GO:0001508","0.011395397502109519","1.9432705208599352","91","99","13","4003","SCN1A,SCN8A,SCN5A,SCN10A,FLNA,CACNA1H,MTOR,SCN9A,SCN2A,KCNH2,SCN4A,KCNQ1,MYH14"
"GO:BP","muscle contraction","GO:0006936","0.013649593194315685","1.864880291927007","181","99","18","4003","MYH7,SCN1A,SCN5A,SCN10A,FLNA,CACNA1S,CACNA1H,MTOR,KCNH2,SCN4A,MYH6,MYH3,TRPV4,KCNQ1,MYH14,GAA,MYBPC3,COMP"
"GO:BP","inorganic ion transmembrane transport","GO:0098660","0.019773785312515127","1.7039101853662917","341","99","25","4003","SCN1A,SCN8A,SCN5A,SCN10A,FLNA,CACNA1S,ATP7A,CACNA1H,CFTR,SCN9A,KCNQ2,GRIN2B,SCN2A,KCNH2,CHD7,SCN4A,ATP7B,TRPV4,SLC26A4,KCNQ1,CACNA1F,CACNA1A,CASR,NALCN,ABCC8"
"GO:BP","response to abiotic stimulus","GO:0009628","0.024174426754132946","1.6166438155063285","446","99","29","4003","BRCA1,BRCA2,SCN1A,NF1,MSH2,TP53,ABCA4,ATP7A,MSH6,ATM,MTOR,SCN9A,CREBBP,SCN2A,MECP2,LMNA,PTCH1,TRPV4,KCNQ1,CACNA1F,NOTCH1,COL3A1,CASR,CRB1,TSC1,VHL,ABCC8,ACVRL1,NIPBL"
"GO:BP","circulatory system process","GO:0003013","0.024354777422320933","1.613415835080079","274","99","22","4003","MYH7,SCN1A,SCN5A,SCN10A,FLNA,CACNA1H,MTOR,HBB,KCNH2,CHD7,MECP2,MYH6,EXT2,TRPV4,CPS1,KCNQ1,CASR,GAA,MYBPC3,ABCC8,ACVRL1,COMP"
"GO:BP","nervous system process","GO:0050877","0.027668840317945836","1.558009043030039","530","99","32","4003","LDLR,MYH7,SCN1A,NF1,SCN8A,SCN5A,SCN10A,ABCA4,CACNA1H,MTOR,SCN9A,GRIN2B,MYO7A,SCN2A,CHD7,SCN4A,MECP2,MYO1A,MYH3,SLC26A4,KCNQ1,ABCC6,MYH14,CACNA1F,GAA,CRB1,TSC1,COL2A1,OTOF,ABCC8,NIPBL,COMP"
"GO:BP","anatomical structure morphogenesis","GO:0009653","0.04774621325078784","1.3210610665828655","1109","99","50","4003","TSC2,BRCA1,LDLR,FBN1,MYH7,NF1,SCN5A,SCN10A,FLNA,FBN2,TP53,ATP7A,ATM,CACNA1H,CFTR,MTOR,FLNB,FLNC,CREBBP,MYO7A,COL7A1,NOTCH3,CHD7,MECP2,MYH6,PTCH1,EXT2,MYH3,TRPV4,KCNQ1,MYH14,FBN3,NOTCH1,COL3A1,CASR,GAA,CRB1,COL4A2,COL5A1,TSC1,MYBPC3,LAMA2,PTPN11,LAMA3,COL2A1,VHL,ABCC8,ACVRL1,NIPBL,COMP"
"GO:CC","voltage-gated sodium channel complex","GO:0001518","0.00005760628787530783","4.239530109623536","16","99","8","4003","SCN1A,SCN8A,SCN5A,SCN10A,CACNA1H,SCN9A,SCN2A,SCN4A"
"GO:CC","supramolecular polymer","GO:0099081","0.00006599024546593596","4.180520256176395","367","99","30","4003","FBN1,MYH7,SCN1A,COL4A5,SCN8A,SCN5A,FLNA,CACNA1S,FBN2,COL6A3,FLNB,FLNC,APC,MYH6,LMNA,MYO1A,MYH3,TRPV4,COL10A1,MYH14,DNAH5,FBN3,COL3A1,COL4A2,COL5A1,TUBA1A,TSC1,MYBPC3,DNM1,COL2A1"
"GO:CC","supramolecular complex","GO:0099080","0.0001613498961341092","3.792231309828702","429","99","32","4003","FBN1,MYH7,SCN1A,COL4A5,SCN8A,SCN5A,FLNA,CACNA1S,FBN2,COL6A3,FLNB,FLNC,APC,COL7A1,MYH6,LMNA,MYO1A,MYH3,TRPV4,COL10A1,MYH14,DNAH5,FBN3,COL3A1,COL4A2,COL5A1,TUBA1A,TSC1,MYBPC3,DNM1,COL2A1,FLG"
"GO:CC","cation channel complex","GO:0034703","0.00019814908135819528","3.703007936764015","107","99","16","4003","SCN1A,SCN8A,SCN5A,SCN10A,CACNA1S,CACNA1H,SCN9A,KCNQ2,GRIN2B,SCN2A,KCNH2,SCN4A,KCNQ1,CACNA1F,CACNA1A,ABCC8"
"GO:CC","sodium channel complex","GO:0034706","0.0019019858481804177","2.720792718776112","23","99","8","4003","SCN1A,SCN8A,SCN5A,SCN10A,CACNA1H,SCN9A,SCN2A,SCN4A"
"GO:CC","ion channel complex","GO:0034702","0.0021908964114012576","2.6593781559949092","143","99","17","4003","SCN1A,SCN8A,SCN5A,SCN10A,CACNA1S,CACNA1H,CFTR,SCN9A,KCNQ2,GRIN2B,SCN2A,KCNH2,SCN4A,KCNQ1,CACNA1F,CACNA1A,ABCC8"
"GO:CC","complex of collagen trimers","GO:0098644","0.003633499186655253","2.4396749326858513","17","99","7","4003","COL4A5,COL7A1,COL10A1,COL3A1,COL4A2,COL5A1,COL2A1"
"GO:CC","supramolecular fiber","GO:0099512","0.0036368050883974147","2.4392799739801436","360","99","27","4003","FBN1,MYH7,SCN1A,SCN8A,SCN5A,FLNA,CACNA1S,FBN2,COL6A3,FLNB,FLNC,APC,MYH6,LMNA,MYO1A,MYH3,TRPV4,MYH14,DNAH5,FBN3,COL3A1,COL5A1,TUBA1A,TSC1,MYBPC3,DNM1,COL2A1"
"KEGG","Human papillomavirus infection","KEGG:05165","0.005486720979608024","2.2606871247497335","152","99","17","4003","TSC2,COL4A5,TP53,ATM,MTOR,COL6A3,CREBBP,APC,NOTCH3,VWF,NOTCH1,COL4A2,TSC1,LAMA2,LAMA3,COL2A1,COMP"
"KEGG","KEGG root term","KEGG:00000","0.01374022834377202","1.862006049837157","2270","99","80","4003","TSC2,BRCA1,LDLR,FBN1,BRCA2,MYH7,SCN1A,NF1,MSH2,COL4A5,SCN5A,MLH1,FLNA,CACNA1S,TP53,ABCA4,ATP7A,MSH6,ATM,CACNA1H,CFTR,MTOR,SPTAN1,PAH,SCN9A,COL6A3,FLNB,KCNQ2,HBB,FLNC,CREBBP,GRIN2B,ABCD1,APC,SCN2A,COL7A1,F8,NOTCH3,MYH6,LMNA,ATP7B,VWF,PTCH1,MYO1A,EXT2,GLA,GALT,TRPV4,CPS1,SLC26A4,GLDC,NSD1,KCNQ1,ABCC6,COL10A1,MYH14,CACNA1F,DNAH5,CACNA1A,NOTCH1,COL3A1,CASR,GAA,CRB1,COL4A2,COL5A1,EHMT1,TUBA1A,TSC1,FANCA,MYBPC3,LAMA2,PTPN11,DNM1,LAMA3,COL2A1,VHL,ABCC8,ACVRL1,COMP"
"KEGG","Platinum drug resistance","KEGG:01524","0.01472806877619913","1.8318541964585482","29","99","8","4003","BRCA1,MSH2,MLH1,TP53,ATP7A,MSH6,ATM,ATP7B"
"REAC","Nervous system development","REAC:R-HSA-9675108","0.000008411979175321425","5.075101811122924","197","99","23","4003","SCN1A,COL4A5,SCN8A,SCN5A,SCN10A,CACNA1S,CACNA1H,SPTAN1,SCN9A,COL6A3,KCNQ2,GRIN2B,SCN2A,SCN4A,MYH14,COL3A1,COL4A2,COL5A1,TUBA1A,LAMA2,PTPN11,DNM1,COL2A1"
"REAC","Axon guidance","REAC:R-HSA-422475","0.000015775141370216525","4.802026740100954","185","99","22","4003","SCN1A,COL4A5,SCN8A,SCN5A,SCN10A,CACNA1S,CACNA1H,SPTAN1,SCN9A,COL6A3,KCNQ2,GRIN2B,SCN2A,SCN4A,MYH14,COL3A1,COL4A2,COL5A1,TUBA1A,PTPN11,DNM1,COL2A1"
"REAC","Interaction between L1 and Ankyrins","REAC:R-HSA-445095","0.000798252910034879","3.0978594895629787","29","99","9","4003","SCN1A,SCN8A,SCN5A,SCN10A,SPTAN1,SCN9A,KCNQ2,SCN2A,SCN4A"
"REAC","Integrin cell surface interactions","REAC:R-HSA-216083","0.0008080244629810815","3.092575490739189","49","99","11","4003","FBN1,COL4A5,COL6A3,COL7A1,VWF,COL10A1,COL3A1,COL4A2,COL5A1,COL2A1,COMP"
"REAC","Developmental Biology","REAC:R-HSA-1266738","0.0054919138588251735","2.2602762833308185","343","99","26","4003","SCN1A,COL4A5,SCN8A,SCN5A,SCN10A,CACNA1S,CACNA1H,SPTAN1,SCN9A,COL6A3,KCNQ2,CREBBP,GRIN2B,SCN2A,SCN4A,MYH14,NOTCH1,COL3A1,COL4A2,COL5A1,TUBA1A,LAMA2,PTPN11,DNM1,COL2A1,FLG"
"REAC","Degradation of the extracellular matrix","REAC:R-HSA-1474228","0.006009976118893798","2.2211272536966367","72","99","12","4003","FBN1,COL4A5,FBN2,COL6A3,COL7A1,COL10A1,FBN3,COL3A1,COL4A2,COL5A1,LAMA3,COL2A1"
"REAC","NCAM signaling for neurite out-growth","REAC:R-HSA-375165","0.013761040584048376","1.8613487243255753","39","99","9","4003","COL4A5,CACNA1S,CACNA1H,SPTAN1,COL6A3,COL3A1,COL4A2,COL5A1,COL2A1"
"REAC","NCAM1 interactions","REAC:R-HSA-419037","0.01472806877619913","1.8318541964585482","29","99","8","4003","COL4A5,CACNA1S,CACNA1H,COL6A3,COL3A1,COL4A2,COL5A1,COL2A1"
"REAC","Collagen chain trimerization","REAC:R-HSA-8948216","0.02598533281807819","1.5852717163962806","31","99","8","4003","COL4A5,COL6A3,COL7A1,COL10A1,COL3A1,COL4A2,COL5A1,COL2A1"
"REAC","L1CAM interactions","REAC:R-HSA-373760","0.02880761733456416","1.540492660540929","68","99","11","4003","SCN1A,SCN8A,SCN5A,SCN10A,SPTAN1,SCN9A,KCNQ2,SCN2A,SCN4A,TUBA1A,DNM1"
"REAC","Muscle contraction","REAC:R-HSA-397014","0.03122856707091824","1.505447943002284","99","99","13","4003","SCN1A,SCN8A,SCN5A,SCN10A,SCN9A,SCN2A,KCNH2,SCN4A,MYH6,MYH3,KCNQ1,MYBPC3,DYSF"
"CORUM","BASC complex (BRCA1-associated genome surveillance complex)","CORUM:433","0.0001746488222152462","3.7578343387818123","9","99","5","4003","BRCA1,MSH2,MLH1,MSH6,ATM"
"CORUM","BASC (Ab 80) complex (BRCA1-associated genome surveillance complex)","CORUM:434","0.0009116096940663341","3.040191065175371","6","99","4","4003","BRCA1,MSH2,MLH1,MSH6"
"CORUM","MSH2-MSH6-PMS2-MLH1 complex","CORUM:369","0.010335680098909047","1.985660941050672","4","99","3","4003","MSH2,MLH1,MSH6"
"CORUM","MSH2-MSH6-PMS1-MLH1 complex","CORUM:370","0.010335680098909047","1.985660941050672","4","99","3","4003","MSH2,MLH1,MSH6"
"CORUM","PCNA-MutS-alpha-MutL-alpha-DNA complex","CORUM:376","0.010335680098909047","1.985660941050672","4","99","3","4003","MSH2,MLH1,MSH6"
"CORUM","BASC (Ab 81) complex (BRCA1-associated genome surveillance complex)","CORUM:435","0.010335680098909047","1.985660941050672","4","99","3","4003","BRCA1,MLH1,ATM"
"CORUM","GCN5-TRRAP histone acetyltransferase complex","CORUM:438","0.010335680098909047","1.985660941050672","4","99","3","4003","BRCA1,MSH2,MSH6"
"CORUM","BRCA1-BARD1-BACH1-DNA damage complex I","CORUM:2817","0.010335680098909047","1.985660941050672","4","99","3","4003","BRCA1,MLH1,MSH6"
"CORUM","MSH2-MSH6-PMS2-MLH1 complex","CORUM:431","0.010335680098909047","1.985660941050672","4","99","3","4003","MSH2,MLH1,MSH6"
"CORUM","MSH2/6-BLM-p53-RAD51 complex","CORUM:2224","0.025374570524093133","1.5956012996440474","5","99","3","4003","MSH2,TP53,MSH6"
"HP","Autosomal dominant inheritance","HP:0000006","8.259218108278227e-12","11.083061064947552","1384","99","74","4003","TSC2,BRCA1,LDLR,FBN1,BRCA2,MYH7,SCN1A,NF1,MSH2,SCN8A,SCN5A,MLH1,SCN10A,CACNA1S,FBN2,TP53,ABCA4,MSH6,ATM,CACNA1H,CFTR,MTOR,SPTAN1,SCN9A,COL6A3,FLNB,KCNQ2,HBB,FLNC,CREBBP,GRIN2B,MYO7A,APC,SCN2A,COL7A1,KCNH2,NOTCH3,CHD7,SCN4A,MYH6,LMNA,TGM6,VWF,PTCH1,EXT2,MYH3,TRPV4,POLG,NSD1,KCNQ1,ABCC6,COL10A1,MYH14,CACNA1A,NOTCH1,COL3A1,CASR,CRB1,COL4A2,COL5A1,EHMT1,TUBA1A,TSC1,MYBPC3,NALCN,PTPN11,DNM1,COL2A1,VHL,FLG,ABCC8,ACVRL1,NIPBL,COMP"
"HP","Abnormality of skin morphology","HP:0011121","1.4089712255065357e-10","9.851097876110895","1409","99","73","4003","TSC2,BRCA1,LDLR,FBN1,BRCA2,MYH7,SCN1A,NF1,MSH2,COL4A5,SCN8A,SCN5A,MLH1,SCN10A,FLNA,TP53,ABCA4,ATP7A,MSH6,ATM,CACNA1H,CFTR,MTOR,SPTAN1,PAH,SCN9A,COL6A3,FLNB,KCNQ2,HBB,CREBBP,GRIN2B,ABCD1,APC,SCN2A,COL7A1,F8,NOTCH3,CHD7,SCN4A,MYH6,LMNA,ATP7B,VWF,PTCH1,EXT2,GLA,MYH3,GALT,SLC26A4,NSD1,KCNQ1,ABCC6,CACNA1F,CACNA1A,NOTCH1,COL3A1,CASR,CRB1,COL5A1,EHMT1,TSC1,FANCA,MYBPC3,NALCN,PTPN11,LAMA3,COL2A1,VHL,FLG,ABCC8,ACVRL1,NIPBL"
"HP","Heterogeneous","HP:0001425","3.240529763703534e-10","9.48938398527306","166","99","26","4003","TSC2,BRCA1,BRCA2,MYH7,COL4A5,SCN5A,CACNA1S,TP53,ATM,CFTR,KCNQ2,CREBBP,MYO7A,APC,KCNH2,MECP2,LMNA,PTCH1,POLG,KCNQ1,CACNA1F,CACNA1A,ABCC8,DYSF,ACVRL1,COMP"
"HP","Constitutional symptom","HP:0025142","3.9468390035303064e-9","8.403750588655013","804","99","53","4003","TSC2,BRCA1,LDLR,FBN1,BRCA2,MYH7,SCN1A,NF1,MSH2,COL4A5,SCN5A,MLH1,SCN10A,TP53,ATP7A,MSH6,ATM,CACNA1H,CFTR,SCN9A,HBB,FLNC,ABCD1,APC,COL7A1,F8,KCNH2,NOTCH3,SCN4A,MECP2,MYH6,LMNA,ATP7B,EXT2,GLA,MYH3,TRPV4,POLG,SLC26A4,GLDC,KCNQ1,ABCC6,COL10A1,COL3A1,CASR,COL5A1,TSC1,MYBPC3,PTPN11,COL2A1,VHL,DYSF,COMP"
"HP","Abnormality of the skin","HP:0000951","6.150559963485473e-9","8.211085343089431","1500","99","73","4003","TSC2,BRCA1,LDLR,FBN1,BRCA2,MYH7,SCN1A,NF1,MSH2,COL4A5,SCN8A,SCN5A,MLH1,SCN10A,FLNA,TP53,ABCA4,ATP7A,MSH6,ATM,CACNA1H,CFTR,MTOR,SPTAN1,PAH,SCN9A,COL6A3,FLNB,KCNQ2,HBB,CREBBP,GRIN2B,ABCD1,APC,SCN2A,COL7A1,F8,NOTCH3,CHD7,SCN4A,MYH6,LMNA,ATP7B,VWF,PTCH1,EXT2,GLA,MYH3,GALT,SLC26A4,NSD1,KCNQ1,ABCC6,CACNA1F,CACNA1A,NOTCH1,COL3A1,CASR,CRB1,COL5A1,EHMT1,TSC1,FANCA,MYBPC3,NALCN,PTPN11,LAMA3,COL2A1,VHL,FLG,ABCC8,ACVRL1,NIPBL"
"HP","Pain","HP:0012531","6.35797488852864e-8","7.196681191708283","551","99","42","4003","TSC2,BRCA1,LDLR,FBN1,BRCA2,MYH7,NF1,MSH2,COL4A5,SCN5A,MLH1,TP53,ATP7A,MSH6,CFTR,SCN9A,HBB,FLNC,ABCD1,APC,COL7A1,F8,SCN4A,LMNA,ATP7B,EXT2,GLA,MYH3,TRPV4,POLG,ABCC6,COL10A1,COL3A1,CASR,COL5A1,TSC1,MYBPC3,PTPN11,COL2A1,VHL,DYSF,COMP"
"HP","Abnormal cardiovascular system physiology","HP:0011025","7.396652642047162e-8","7.1309647759424495","954","99","56","4003","TSC2,LDLR,FBN1,BRCA2,MYH7,NF1,MSH2,COL4A5,SCN5A,MLH1,SCN10A,FLNA,CACNA1S,FBN2,TP53,ATP7A,MSH6,CACNA1H,CFTR,SCN9A,HBB,FLNC,CREBBP,APC,F8,KCNH2,NOTCH3,CHD7,SCN4A,MECP2,MYH6,LMNA,VWF,PTCH1,EXT2,GLA,POLG,KCNQ1,ABCC6,CACNA1A,NOTCH1,COL3A1,CASR,GAA,COL4A2,COL5A1,EHMT1,TSC1,MYBPC3,LAMA2,PTPN11,LAMA3,VHL,ABCC8,DYSF,ACVRL1"
"HP","Functional abnormality of the gastrointestinal tract","HP:0012719","9.26930772219691e-8","7.032952699906922","776","99","50","4003","TSC2,BRCA1,FBN1,BRCA2,MYH7,NF1,MSH2,COL4A5,SCN8A,MLH1,FLNA,TP53,ATP7A,MSH6,CFTR,SCN9A,KCNQ2,CREBBP,GRIN2B,ABCD1,APC,COL7A1,F8,NOTCH3,CHD7,SCN4A,MECP2,ATP7B,TGM6,VWF,PTCH1,EXT2,GLA,POLG,NSD1,ABCC6,CACNA1A,NOTCH1,COL3A1,COL5A1,EHMT1,TSC1,NALCN,LAMA2,DNM1,LAMA3,COL2A1,DYSF,ACVRL1,NIPBL"
"HP","Abnormality of cardiovascular system electrophysiology","HP:0030956","3.753414290027619e-7","6.425573496886459","363","99","33","4003","TSC2,LDLR,MYH7,NF1,SCN5A,SCN10A,CACNA1S,TP53,SCN9A,HBB,FLNC,CREBBP,KCNH2,SCN4A,MECP2,MYH6,LMNA,PTCH1,GLA,POLG,KCNQ1,ABCC6,CACNA1A,CASR,GAA,TSC1,MYBPC3,LAMA2,PTPN11,LAMA3,VHL,ABCC8,DYSF"
"HP","Stroke","HP:0001297","7.79788736855698e-7","6.108023041983048","114","99","19","4003","FBN1,NF1,SCN5A,FLNA,TP53,HBB,FLNC,NOTCH3,MECP2,MYH6,LMNA,GLA,CPS1,KCNQ1,ABCC6,COL3A1,MYBPC3,VHL,ACVRL1"
"HP","Abnormality of the gastrointestinal tract","HP:0011024","8.067263045869795e-7","6.093273781967754","1211","99","62","4003","TSC2,BRCA1,FBN1,BRCA2,MYH7,NF1,MSH2,COL4A5,SCN8A,MLH1,FLNA,FBN2,TP53,ATP7A,MSH6,ATM,CFTR,MTOR,PAH,SCN9A,FLNB,KCNQ2,HBB,CREBBP,GRIN2B,ABCD1,APC,COL7A1,F8,NOTCH3,CHD7,SCN4A,MECP2,LMNA,ATP7B,TGM6,VWF,PTCH1,EXT2,GLA,MYH3,POLG,NSD1,KCNQ1,ABCC6,DNAH5,CACNA1A,NOTCH1,COL3A1,COL5A1,EHMT1,TSC1,FANCA,NALCN,LAMA2,DNM1,LAMA3,COL2A1,ABCC8,DYSF,ACVRL1,NIPBL"
"HP","Abnormality of the respiratory system","HP:0002086","8.400562860644162e-7","6.075691614047364","1433","99","68","4003","TSC2,BRCA1,LDLR,FBN1,BRCA2,MYH7,NF1,MSH2,COL4A5,SCN8A,SCN5A,MLH1,SCN10A,FLNA,CACNA1S,FBN2,TP53,MSH6,ATM,CACNA1H,CFTR,MTOR,SCN9A,COL6A3,FLNB,KCNQ2,HBB,FLNC,CREBBP,APC,SCN2A,F8,NOTCH3,CHD7,SCN4A,MECP2,MYH6,LMNA,PTCH1,EXT2,GLA,MYH3,TRPV4,POLG,CPS1,SLC26A4,NSD1,ABCC6,DNAH5,CACNA1A,NOTCH1,COL3A1,CASR,GAA,COL5A1,EHMT1,TSC1,FANCA,MYBPC3,NALCN,LAMA2,PTPN11,LAMA3,COL2A1,VHL,FLG,ACVRL1,NIPBL"
"HP","Arrhythmia","HP:0011675","0.000001171413950535505","5.931289608202448","334","99","31","4003","TSC2,LDLR,MYH7,NF1,SCN5A,SCN10A,CACNA1S,TP53,SCN9A,HBB,FLNC,CREBBP,KCNH2,SCN4A,MYH6,LMNA,PTCH1,GLA,POLG,KCNQ1,ABCC6,CACNA1A,CASR,GAA,TSC1,MYBPC3,LAMA2,PTPN11,LAMA3,VHL,ABCC8"
"HP","Abnormal astrocyte morphology","HP:0100707","0.0000014806709912033497","5.82954143207879","37","99","12","4003","TSC2,BRCA2,NF1,MLH1,TP53,MSH6,MTOR,APC,POLG,NSD1,TSC1,LAMA2"
"HP","Abnormality of digestive system physiology","HP:0025032","0.000001672032739770158","5.7767552229721755","1570","99","71","4003","TSC2,BRCA1,FBN1,BRCA2,MYH7,SCN1A,NF1,MSH2,COL4A5,SCN8A,SCN5A,MLH1,SCN10A,FLNA,CACNA1S,TP53,ATP7A,MSH6,ATM,CFTR,MTOR,PAH,SCN9A,COL6A3,FLNB,KCNQ2,HBB,CREBBP,GRIN2B,ABCD1,APC,SCN2A,COL7A1,F8,NOTCH3,CHD7,SCN4A,MECP2,LMNA,ATP7B,TGM6,VWF,PTCH1,EXT2,GLA,MYH3,GALT,POLG,CPS1,SLC26A4,NSD1,ABCC6,CACNA1A,NOTCH1,COL3A1,CASR,GAA,COL5A1,EHMT1,TSC1,NALCN,LAMA2,PTPN11,DNM1,LAMA3,COL2A1,VHL,ABCC8,DYSF,ACVRL1,NIPBL"
"HP","Abnormality of the nervous system","HP:0000707","0.000001691773869008309","5.771657687399262","2657","99","93","4003","TSC2,BRCA1,LDLR,FBN1,BRCA2,MYH7,SCN1A,NF1,MSH2,COL4A5,SCN8A,SCN5A,MLH1,SCN10A,FLNA,CACNA1S,FBN2,TP53,ABCA4,ATP7A,MSH6,ATM,CACNA1H,CFTR,MTOR,SPTAN1,PAH,SCN9A,COL6A3,FLNB,KCNQ2,HBB,FLNC,CREBBP,GRIN2B,MYO7A,ABCD1,APC,SCN2A,COL7A1,F8,KCNH2,NOTCH3,CHD7,SCN4A,MECP2,MYH6,LMNA,ATP7B,TGM6,PTCH1,EXT2,GLA,MYH3,GALT,TRPV4,POLG,CPS1,SLC26A4,GLDC,NSD1,KCNQ1,ABCC6,COL10A1,MYH14,CACNA1F,DNAH5,CACNA1A,NOTCH1,COL3A1,CASR,GAA,CRB1,COL4A2,COL5A1,EHMT1,TUBA1A,TSC1,FANCA,MYBPC3,NALCN,LAMA2,PTPN11,DNM1,LAMA3,COL2A1,VHL,OTOF,ABCC8,DYSF,ACVRL1,NIPBL,COMP"
"HP","Astrocytoma","HP:0009592","0.000004855141073880121","5.31379814645267","18","99","9","4003","TSC2,BRCA2,NF1,MLH1,TP53,MSH6,APC,NSD1,TSC1"
"HP","Abnormal nervous system physiology","HP:0012638","0.000006092289361278168","5.2152194774597715","2514","99","90","4003","TSC2,BRCA1,LDLR,FBN1,BRCA2,MYH7,SCN1A,NF1,MSH2,COL4A5,SCN8A,SCN5A,MLH1,SCN10A,FLNA,CACNA1S,FBN2,TP53,ABCA4,ATP7A,MSH6,ATM,CACNA1H,MTOR,SPTAN1,PAH,SCN9A,COL6A3,FLNB,KCNQ2,HBB,FLNC,CREBBP,GRIN2B,MYO7A,ABCD1,APC,SCN2A,COL7A1,F8,KCNH2,NOTCH3,CHD7,SCN4A,MECP2,LMNA,ATP7B,TGM6,PTCH1,EXT2,GLA,MYH3,GALT,TRPV4,POLG,CPS1,SLC26A4,GLDC,NSD1,KCNQ1,ABCC6,COL10A1,MYH14,CACNA1F,DNAH5,CACNA1A,NOTCH1,COL3A1,CASR,GAA,CRB1,COL4A2,COL5A1,EHMT1,TUBA1A,TSC1,FANCA,NALCN,LAMA2,PTPN11,DNM1,LAMA3,COL2A1,VHL,OTOF,ABCC8,DYSF,ACVRL1,NIPBL,COMP"
"HP","Abnormality of blood and blood-forming tissues","HP:0001871","0.000007214029841719048","5.141822065501561","994","99","54","4003","TSC2,BRCA1,FBN1,BRCA2,MYH7,NF1,MSH2,COL4A5,SCN5A,MLH1,SCN10A,FLNA,CACNA1S,TP53,ATP7A,MSH6,ATM,CFTR,MTOR,SCN9A,HBB,FLNC,CREBBP,APC,COL7A1,F8,NOTCH3,CHD7,MYH6,LMNA,ATP7B,VWF,EXT2,GLA,GALT,POLG,NSD1,KCNQ1,ABCC6,NOTCH1,COL3A1,CASR,COL4A2,COL5A1,TSC1,FANCA,MYBPC3,PTPN11,LAMA3,COL2A1,VHL,ABCC8,ACVRL1,NIPBL"
"HP","Limitation of knee mobility","HP:0010501","0.000010357211256227983","4.984757165350435","26","99","10","4003","SCN1A,FLNA,FBN2,ATP7A,SCN9A,FLNC,SCN2A,EXT2,COL2A1,DYSF"
"HP","Abnormal cerebral vascular morphology","HP:0100659","0.000010726845275396334","4.969527983619804","237","99","25","4003","LDLR,FBN1,NF1,SCN5A,FLNA,TP53,ATP7A,HBB,FLNC,F8,NOTCH3,MECP2,MYH6,LMNA,GLA,CPS1,KCNQ1,ABCC6,COL3A1,GAA,COL4A2,COL5A1,MYBPC3,VHL,ACVRL1"
"HP","Anxiety","HP:0000739","0.000011658256955262075","4.933366376789554","278","99","27","4003","TSC2,SCN1A,NF1,MSH2,MLH1,TP53,MSH6,CACNA1H,PAH,SCN9A,MYO7A,SCN2A,COL7A1,NOTCH3,CHD7,MECP2,PTCH1,GLA,GALT,POLG,NSD1,CACNA1A,CASR,EHMT1,TSC1,VHL,NIPBL"
"HP","Abdominal symptom","HP:0011458","0.000015568857621788508","4.807743252990966","1326","99","63","4003","TSC2,BRCA1,FBN1,BRCA2,MYH7,SCN1A,NF1,MSH2,COL4A5,SCN8A,SCN5A,MLH1,SCN10A,FLNA,CACNA1S,TP53,ATP7A,MSH6,ATM,CFTR,MTOR,PAH,SCN9A,COL6A3,FLNB,KCNQ2,HBB,CREBBP,GRIN2B,ABCD1,APC,SCN2A,COL7A1,CHD7,SCN4A,MECP2,LMNA,PTCH1,EXT2,GLA,MYH3,GALT,POLG,CPS1,SLC26A4,NSD1,ABCC6,CACNA1A,CASR,GAA,COL5A1,EHMT1,TSC1,NALCN,LAMA2,PTPN11,DNM1,LAMA3,COL2A1,VHL,ABCC8,ACVRL1,NIPBL"
"HP","Neoplasm","HP:0002664","0.000015936920615727553","4.797595590643381","649","99","42","4003","TSC2,BRCA1,BRCA2,NF1,MSH2,COL4A5,MLH1,SCN10A,FLNA,CACNA1S,TP53,ATP7A,MSH6,ATM,MTOR,SCN9A,HBB,CREBBP,ABCD1,APC,COL7A1,NOTCH3,CHD7,SCN4A,LMNA,ATP7B,PTCH1,EXT2,SLC26A4,NSD1,KCNQ1,ABCC6,NOTCH1,CASR,TSC1,FANCA,PTPN11,LAMA3,COL2A1,VHL,ABCC8,ACVRL1"
"HP","Neoplasm by anatomical site","HP:0011793","0.00002479240649935555","4.605681315964493","630","99","41","4003","TSC2,BRCA1,BRCA2,NF1,MSH2,COL4A5,MLH1,SCN10A,CACNA1S,TP53,ATP7A,MSH6,ATM,MTOR,SCN9A,HBB,CREBBP,ABCD1,APC,COL7A1,NOTCH3,CHD7,SCN4A,LMNA,ATP7B,PTCH1,EXT2,SLC26A4,NSD1,KCNQ1,ABCC6,NOTCH1,CASR,TSC1,FANCA,PTPN11,LAMA3,COL2A1,VHL,ABCC8,ACVRL1"
"HP","Abnormal fear/anxiety-related behavior","HP:0100852","0.000025659278588633875","4.590755557991478","309","99","28","4003","TSC2,SCN1A,NF1,MSH2,MLH1,TP53,MSH6,CACNA1H,PAH,SCN9A,CREBBP,MYO7A,SCN2A,COL7A1,NOTCH3,CHD7,MECP2,PTCH1,GLA,GALT,POLG,NSD1,CACNA1A,CASR,EHMT1,TSC1,VHL,NIPBL"
"HP","Chest pain","HP:0100749","0.000028873971274447954","4.539493479923673","81","99","15","4003","TSC2,FBN1,MYH7,NF1,COL4A5,TP53,CFTR,HBB,APC,SCN4A,EXT2,COL3A1,TSC1,MYBPC3,VHL"
"HP","Abnormal heart morphology","HP:0001627","0.000029306946344003273","4.533029430795205","996","99","53","4003","TSC2,BRCA1,LDLR,FBN1,BRCA2,MYH7,NF1,MSH2,SCN5A,MLH1,FLNA,CACNA1S,FBN2,MSH6,CFTR,PAH,FLNB,HBB,FLNC,CREBBP,SCN2A,COL7A1,NOTCH3,CHD7,MYH6,LMNA,VWF,PTCH1,EXT2,GLA,MYH3,POLG,NSD1,KCNQ1,ABCC6,DNAH5,CACNA1A,NOTCH1,COL3A1,GAA,COL5A1,EHMT1,TSC1,FANCA,MYBPC3,LAMA2,PTPN11,LAMA3,COL2A1,VHL,ABCC8,DYSF,NIPBL"
"HP","Limitation of joint mobility","HP:0001376","0.00003221189779373729","4.491983687565651","312","99","28","4003","FBN1,MYH7,SCN1A,FLNA,FBN2,ATP7A,SCN9A,COL6A3,FLNB,FLNC,APC,SCN2A,F8,NOTCH3,SCN4A,MECP2,LMNA,EXT2,MYH3,TRPV4,NSD1,NALCN,LAMA2,PTPN11,COL2A1,DYSF,NIPBL,COMP"
"HP","Abnormality of the peripheral nervous system","HP:0410008","0.00004032188959983577","4.394459123795851","315","99","28","4003","BRCA1,FBN1,BRCA2,SCN5A,SCN10A,ATP7A,SCN9A,CREBBP,ABCD1,KCNH2,MECP2,LMNA,PTCH1,GLA,MYH3,TRPV4,POLG,NSD1,KCNQ1,MYH14,CACNA1A,COL5A1,FANCA,NALCN,LAMA2,OTOF,DYSF,COMP"
"HP","Abnormal respiratory system morphology","HP:0012252","0.00004639856264064747","4.333495473042192","975","99","52","4003","TSC2,BRCA1,FBN1,BRCA2,MYH7,NF1,MSH2,COL4A5,MLH1,SCN10A,FLNA,FBN2,TP53,MSH6,ATM,CFTR,SCN9A,COL6A3,FLNB,FLNC,CREBBP,APC,NOTCH3,CHD7,SCN4A,MECP2,MYH6,LMNA,PTCH1,EXT2,GLA,MYH3,TRPV4,SLC26A4,NSD1,DNAH5,NOTCH1,COL3A1,CASR,GAA,COL5A1,EHMT1,TSC1,FANCA,MYBPC3,LAMA2,PTPN11,LAMA3,COL2A1,VHL,ACVRL1,NIPBL"
"HP","Abnormality of the integument","HP:0001574","0.00005699610773489933","4.244154801291936","1802","99","74","4003","TSC2,BRCA1,LDLR,FBN1,BRCA2,MYH7,SCN1A,NF1,MSH2,COL4A5,SCN8A,SCN5A,MLH1,SCN10A,FLNA,CACNA1S,TP53,ABCA4,ATP7A,MSH6,ATM,CACNA1H,CFTR,MTOR,SPTAN1,PAH,SCN9A,COL6A3,FLNB,KCNQ2,HBB,CREBBP,GRIN2B,ABCD1,APC,SCN2A,COL7A1,F8,NOTCH3,CHD7,SCN4A,MYH6,LMNA,ATP7B,VWF,PTCH1,EXT2,GLA,MYH3,GALT,SLC26A4,NSD1,KCNQ1,ABCC6,CACNA1F,CACNA1A,NOTCH1,COL3A1,CASR,CRB1,COL5A1,EHMT1,TSC1,FANCA,MYBPC3,NALCN,PTPN11,LAMA3,COL2A1,VHL,FLG,ABCC8,ACVRL1,NIPBL"
"HP","Abnormal umbilicus morphology","HP:0001551","0.00006601397773970628","4.1803640976020375","218","99","23","4003","BRCA1,FBN1,BRCA2,FLNA,ATP7A,MTOR,CREBBP,SCN2A,NOTCH3,CHD7,LMNA,PTCH1,MYH3,NSD1,NOTCH1,COL3A1,COL5A1,EHMT1,FANCA,NALCN,COL2A1,ABCC8,NIPBL"
"HP","Abnormality of the cardiovascular system","HP:0001626","0.00008186137290102903","4.086920976055992","1857","99","75","4003","TSC2,BRCA1,LDLR,FBN1,BRCA2,MYH7,NF1,MSH2,COL4A5,SCN5A,MLH1,SCN10A,FLNA,CACNA1S,FBN2,TP53,ABCA4,ATP7A,MSH6,ATM,CACNA1H,CFTR,MTOR,PAH,SCN9A,COL6A3,FLNB,KCNQ2,HBB,FLNC,CREBBP,APC,SCN2A,COL7A1,F8,KCNH2,NOTCH3,CHD7,SCN4A,MECP2,MYH6,LMNA,ATP7B,VWF,PTCH1,EXT2,GLA,MYH3,POLG,CPS1,NSD1,KCNQ1,ABCC6,DNAH5,CACNA1A,NOTCH1,COL3A1,CASR,GAA,CRB1,COL4A2,COL5A1,EHMT1,TSC1,FANCA,MYBPC3,LAMA2,PTPN11,LAMA3,COL2A1,VHL,ABCC8,DYSF,ACVRL1,NIPBL"
"HP","Neoplasm of the endocrine system","HP:0100568","0.00011048671009940679","3.956689957975298","118","99","17","4003","TSC2,NF1,MSH2,MLH1,CACNA1S,TP53,ATP7A,MSH6,ABCD1,APC,SCN4A,LMNA,SLC26A4,KCNQ1,CASR,TSC1,VHL"
"HP","Localized skin lesion","HP:0011355","0.0001257354207550568","3.9005423605678606","692","99","42","4003","TSC2,BRCA1,LDLR,FBN1,BRCA2,NF1,MSH2,MLH1,FLNA,TP53,ABCA4,ATP7A,MSH6,ATM,CFTR,MTOR,SCN9A,COL6A3,FLNB,HBB,CREBBP,APC,COL7A1,NOTCH3,CHD7,LMNA,PTCH1,EXT2,GLA,MYH3,KCNQ1,ABCC6,NOTCH1,COL3A1,CRB1,COL5A1,TSC1,FANCA,PTPN11,LAMA3,COL2A1,VHL"
"HP","Abnormal respiratory system physiology","HP:0002795","0.00013077076777244046","3.8834893264549346","969","99","51","4003","TSC2,LDLR,FBN1,MYH7,NF1,COL4A5,SCN8A,SCN5A,FLNA,CACNA1S,CACNA1H,CFTR,MTOR,SCN9A,COL6A3,FLNB,KCNQ2,HBB,FLNC,CREBBP,APC,SCN2A,F8,CHD7,SCN4A,MECP2,MYH6,LMNA,PTCH1,GLA,MYH3,TRPV4,POLG,CPS1,SLC26A4,ABCC6,DNAH5,CACNA1A,NOTCH1,COL3A1,CASR,GAA,TSC1,MYBPC3,NALCN,LAMA2,LAMA3,COL2A1,VHL,FLG,ACVRL1"
"HP","Abnormality of the elbow","HP:0009811","0.00015455938086848033","3.810904630615054","208","99","22","4003","FBN1,NF1,FLNA,FBN2,ATP7A,COL6A3,FLNB,CREBBP,APC,COL7A1,LMNA,MYH3,TRPV4,ABCC6,COL5A1,NALCN,LAMA2,PTPN11,COL2A1,DYSF,NIPBL,COMP"
"HP","Abnormality of lower limb joint","HP:0100491","0.00016182576116061502","3.7909523415658484","505","99","35","4003","BRCA1,FBN1,BRCA2,MYH7,SCN1A,NF1,FLNA,FBN2,ATP7A,SCN9A,COL6A3,FLNB,HBB,FLNC,CREBBP,ABCD1,APC,SCN2A,COL7A1,LMNA,PTCH1,EXT2,MYH3,TRPV4,NSD1,ABCC6,COL10A1,COL3A1,COL5A1,FANCA,NALCN,COL2A1,DYSF,NIPBL,COMP"
"HP","Abnormal joint morphology","HP:0001367","0.00018600287704884406","3.730480338165021","820","99","46","4003","BRCA1,FBN1,BRCA2,MYH7,SCN1A,NF1,FLNA,FBN2,TP53,ATP7A,SCN9A,COL6A3,FLNB,HBB,FLNC,CREBBP,ABCD1,APC,SCN2A,COL7A1,F8,NOTCH3,CHD7,MECP2,LMNA,ATP7B,VWF,PTCH1,EXT2,GLA,MYH3,TRPV4,NSD1,ABCC6,COL10A1,MYH14,COL3A1,COL5A1,FANCA,NALCN,LAMA2,PTPN11,COL2A1,DYSF,NIPBL,COMP"
"HP","Abnormality of the knee","HP:0002815","0.00019046579945053904","3.7201829960689983","271","99","25","4003","FBN1,SCN1A,NF1,FLNA,FBN2,ATP7A,SCN9A,COL6A3,FLNB,HBB,FLNC,CREBBP,SCN2A,COL7A1,EXT2,MYH3,TRPV4,NSD1,ABCC6,COL10A1,COL5A1,NALCN,COL2A1,DYSF,COMP"
"HP","Limited hip movement","HP:0008800","0.0001938251315414187","3.7125899126199386","54","99","12","4003","MYH7,FBN2,F8,LMNA,EXT2,MYH3,TRPV4,NSD1,NALCN,COL2A1,DYSF,COMP"
"HP","Urinary tract neoplasm","HP:0010786","0.00019814908135819528","3.703007936764015","107","99","16","4003","TSC2,BRCA2,NF1,MSH2,MLH1,TP53,ATP7A,MSH6,APC,LMNA,PTCH1,EXT2,NSD1,KCNQ1,TSC1,VHL"
"HP","Abnormality of metabolism/homeostasis","HP:0001939","0.0002490805082037128","3.603660256850417","1724","99","71","4003","TSC2,BRCA1,LDLR,FBN1,BRCA2,MYH7,SCN1A,NF1,COL4A5,SCN5A,SCN10A,FLNA,CACNA1S,TP53,ABCA4,ATP7A,ATM,CFTR,MTOR,PAH,SCN9A,COL6A3,FLNB,KCNQ2,HBB,FLNC,ABCD1,APC,COL7A1,F8,KCNH2,NOTCH3,CHD7,SCN4A,MECP2,MYH6,LMNA,ATP7B,PTCH1,GLA,MYH3,GALT,TRPV4,POLG,CPS1,SLC26A4,GLDC,NSD1,KCNQ1,ABCC6,MYH14,CACNA1F,CACNA1A,COL3A1,CASR,GAA,CRB1,COL5A1,TSC1,FANCA,MYBPC3,NALCN,LAMA2,PTPN11,LAMA3,COL2A1,VHL,ABCC8,DYSF,ACVRL1,NIPBL"
"HP","Renal neoplasm","HP:0009726","0.0002535559973531815","3.595926112638928","94","99","15","4003","TSC2,BRCA2,NF1,MSH2,MLH1,TP53,MSH6,APC,LMNA,PTCH1,EXT2,NSD1,KCNQ1,TSC1,VHL"
"HP","Abnormality of the digestive system","HP:0025031","0.0002689732574387277","3.5702908974107497","2031","99","78","4003","TSC2,BRCA1,LDLR,FBN1,BRCA2,MYH7,SCN1A,NF1,MSH2,COL4A5,SCN8A,SCN5A,MLH1,SCN10A,FLNA,CACNA1S,FBN2,TP53,ATP7A,MSH6,ATM,CFTR,MTOR,PAH,SCN9A,COL6A3,FLNB,KCNQ2,HBB,FLNC,CREBBP,GRIN2B,ABCD1,APC,SCN2A,COL7A1,F8,NOTCH3,CHD7,SCN4A,MECP2,LMNA,ATP7B,TGM6,VWF,PTCH1,EXT2,GLA,MYH3,GALT,POLG,CPS1,SLC26A4,NSD1,KCNQ1,ABCC6,DNAH5,CACNA1A,NOTCH1,COL3A1,CASR,GAA,COL5A1,EHMT1,TSC1,FANCA,MYBPC3,NALCN,LAMA2,PTPN11,DNM1,LAMA3,COL2A1,VHL,ABCC8,DYSF,ACVRL1,NIPBL"
"HP","Abnormality of the wrist","HP:0003019","0.0002747460789692953","3.561068496881359","125","99","17","4003","MYH7,FLNA,FBN2,ATP7A,COL6A3,FLNB,APC,COL7A1,MECP2,LMNA,EXT2,MYH3,TRPV4,ABCC6,NALCN,COL2A1,COMP"
"HP","Neoplasm of the genitourinary tract","HP:0007379","0.00028584386556249465","3.5438711236559195","159","99","19","4003","TSC2,BRCA1,BRCA2,NF1,MSH2,COL4A5,MLH1,TP53,ATP7A,MSH6,CREBBP,APC,LMNA,PTCH1,EXT2,NSD1,KCNQ1,TSC1,VHL"
"HP","Abnormality of the abdominal wall","HP:0004298","0.00034338199978741423","3.464222474457254","369","99","29","4003","BRCA1,FBN1,BRCA2,FLNA,ATP7A,MTOR,PAH,FLNB,CREBBP,APC,SCN2A,NOTCH3,CHD7,MECP2,LMNA,PTCH1,MYH3,NSD1,KCNQ1,NOTCH1,COL3A1,COL5A1,EHMT1,FANCA,NALCN,PTPN11,COL2A1,ABCC8,NIPBL"
"HP","Abnormal pattern of respiration","HP:0002793","0.0003464818979763552","3.4603194502710557","546","99","36","4003","TSC2,LDLR,FBN1,MYH7,COL4A5,SCN8A,SCN5A,CACNA1S,CACNA1H,CFTR,COL6A3,KCNQ2,HBB,FLNC,CREBBP,SCN2A,SCN4A,MECP2,MYH6,LMNA,PTCH1,GLA,TRPV4,POLG,ABCC6,CACNA1A,COL3A1,CASR,GAA,TSC1,MYBPC3,NALCN,LAMA2,LAMA3,COL2A1,ACVRL1"
"HP","Abnormality of the spinal cord","HP:0002143","0.00037773696779136494","3.4228105102157538","218","99","22","4003","BRCA1,FBN1,BRCA2,NF1,FLNA,FLNB,HBB,CREBBP,ABCD1,APC,NOTCH3,PTCH1,EXT2,MYH3,TRPV4,POLG,FANCA,PTPN11,COL2A1,VHL,ACVRL1,COMP"
"HP","Abnormal left ventricular function","HP:0005162","0.0004328019833683241","3.3637107576890446","70","99","13","4003","LDLR,FBN1,MYH7,SCN5A,FLNC,MYH6,LMNA,POLG,ABCC6,GAA,LAMA2,VHL,DYSF"
"HP","Abnormal vascular physiology","HP:0030163","0.0004724092505283279","3.325681606795032","201","99","21","4003","FBN1,MYH7,NF1,SCN5A,FLNA,TP53,HBB,FLNC,F8,NOTCH3,MYH6,LMNA,GLA,ABCC6,NOTCH1,COL3A1,COL5A1,MYBPC3,LAMA2,VHL,ACVRL1"
"HP","Abnormality of skin pigmentation","HP:0001000","0.0004974037554130764","3.3032909401175115","399","99","30","4003","TSC2,BRCA1,FBN1,BRCA2,NF1,MSH2,MLH1,FLNA,ATP7A,MSH6,ATM,MTOR,PAH,HBB,CREBBP,ABCD1,APC,COL7A1,NOTCH3,LMNA,PTCH1,NSD1,CACNA1F,COL3A1,CASR,TSC1,FANCA,PTPN11,LAMA3,VHL"
"HP","Glioma","HP:0009733","0.0005421243466379289","3.265901088249616","37","99","10","4003","TSC2,BRCA2,NF1,MSH2,MLH1,TP53,MSH6,APC,NSD1,TSC1"
"HP","Abnormal mitral valve morphology","HP:0001633","0.0006122488838240563","3.213071997954159","100","99","15","4003","FBN1,MYH7,NF1,FLNA,FBN2,MYH6,LMNA,VWF,POLG,ABCC6,NOTCH1,COL3A1,COL5A1,PTPN11,COL2A1"
"HP","Abnormal heart valve morphology","HP:0001654","0.0006596169117931731","3.180708218090741","245","99","23","4003","BRCA1,FBN1,BRCA2,MYH7,NF1,FLNA,FBN2,CREBBP,NOTCH3,CHD7,MYH6,LMNA,VWF,GLA,MYH3,POLG,ABCC6,NOTCH1,COL3A1,COL5A1,FANCA,PTPN11,COL2A1"
"HP","Abnormal atrioventricular valve morphology","HP:0006705","0.0006627584704239856","3.178644713032985","116","99","16","4003","FBN1,MYH7,NF1,FLNA,FBN2,CHD7,MYH6,LMNA,VWF,POLG,ABCC6,NOTCH1,COL3A1,COL5A1,PTPN11,COL2A1"
"HP","Dermatological manifestations of systemic disorders","HP:0001005","0.000713713672962162","3.1464759831714186","246","99","23","4003","BRCA1,BRCA2,SCN1A,SCN8A,TP53,ATP7A,CFTR,SCN9A,KCNQ2,HBB,SCN2A,SCN4A,MYH6,LMNA,ATP7B,GALT,SLC26A4,NSD1,ABCC6,CASR,COL5A1,VHL,ACVRL1"
"HP","Abnormal aortic morphology","HP:0001679","0.0007258004807478798","3.1391827484720807","289","99","25","4003","TSC2,BRCA1,LDLR,FBN1,BRCA2,MYH7,NF1,FLNA,FBN2,PAH,FLNB,CREBBP,CHD7,LMNA,PTCH1,MYH3,NSD1,ABCC6,NOTCH1,COL3A1,COL5A1,EHMT1,TSC1,FANCA,PTPN11"
"HP","Limited elbow movement","HP:0002996","0.0007524666513917617","3.123512742827104","117","99","16","4003","FBN1,FLNA,FBN2,ATP7A,COL6A3,FLNB,LMNA,MYH3,TRPV4,NALCN,LAMA2,PTPN11,COL2A1,DYSF,NIPBL,COMP"
"HP","Hemiplegia/hemiparesis","HP:0004374","0.0007942573094882651","3.1000387797040734","151","99","18","4003","TSC2,SCN1A,MSH2,SCN5A,MLH1,TP53,MSH6,MTOR,PAH,ABCD1,NOTCH3,ABCC6,CACNA1A,NOTCH1,COL3A1,CRB1,COL4A2,TSC1"
"HP","Abnormal systemic arterial morphology","HP:0011004","0.000813166498620577","3.0898205220211175","383","99","29","4003","TSC2,BRCA1,LDLR,FBN1,BRCA2,MYH7,NF1,FLNA,FBN2,ATP7A,PAH,FLNB,CREBBP,NOTCH3,CHD7,LMNA,PTCH1,MYH3,NSD1,ABCC6,NOTCH1,COL3A1,GAA,COL5A1,EHMT1,TSC1,FANCA,PTPN11,VHL"
"HP","Abnormality of cardiovascular system morphology","HP:0030680","0.001070176539374312","2.970544573948531","1233","99","57","4003","TSC2,BRCA1,LDLR,FBN1,BRCA2,MYH7,NF1,MSH2,SCN5A,MLH1,SCN10A,FLNA,CACNA1S,FBN2,ATP7A,MSH6,CFTR,PAH,SCN9A,FLNB,HBB,FLNC,CREBBP,SCN2A,COL7A1,NOTCH3,CHD7,MYH6,LMNA,VWF,PTCH1,EXT2,GLA,MYH3,POLG,NSD1,KCNQ1,ABCC6,DNAH5,CACNA1A,NOTCH1,COL3A1,GAA,COL5A1,EHMT1,TSC1,FANCA,MYBPC3,LAMA2,PTPN11,LAMA3,COL2A1,VHL,ABCC8,DYSF,ACVRL1,NIPBL"
"HP","Abnormality of the synovia","HP:0005262","0.0011027132505283031","2.957537406783483","273","99","24","4003","BRCA1,FBN1,BRCA2,MYH7,FLNA,ATP7A,COL6A3,FLNB,APC,F8,LMNA,PTCH1,EXT2,MYH3,TRPV4,ABCC6,COL10A1,COL3A1,COL5A1,FANCA,PTPN11,COL2A1,NIPBL,COMP"
"HP","Umbilical hernia","HP:0001537","0.0012358493692293233","2.90803445974807","212","99","21","4003","BRCA1,FBN1,BRCA2,FLNA,ATP7A,MTOR,CREBBP,SCN2A,NOTCH3,CHD7,PTCH1,MYH3,NSD1,NOTCH1,COL3A1,COL5A1,EHMT1,FANCA,NALCN,COL2A1,ABCC8"
"HP","Spinal cord compression","HP:0002176","0.0012660452597154795","2.8975507684945403","22","99","8","4003","FLNB,HBB,CREBBP,APC,EXT2,TRPV4,COL2A1,COMP"
"HP","Neoplasm of the respiratory system","HP:0100606","0.0012678134607549453","2.896944641505074","51","99","11","4003","TSC2,BRCA2,MSH2,COL4A5,MLH1,TP53,MSH6,NOTCH3,LMNA,NSD1,TSC1"
"HP","Irregular hyperpigmentation","HP:0007400","0.0013444129471877342","2.871467313767932","213","99","21","4003","TSC2,BRCA1,BRCA2,NF1,MSH2,MLH1,MSH6,ATM,MTOR,CREBBP,ABCD1,APC,COL7A1,NOTCH3,LMNA,COL3A1,CASR,TSC1,FANCA,PTPN11,VHL"
"HP","Neoplasm of the central nervous system","HP:0100006","0.0013918568071942812","2.856405442199719","122","99","16","4003","TSC2,BRCA2,NF1,MSH2,MLH1,TP53,MSH6,CREBBP,APC,NOTCH3,LMNA,PTCH1,NSD1,TSC1,PTPN11,VHL"
"HP","Weight loss","HP:0001824","0.001420046853152009","2.8476973262298375","234","99","22","4003","BRCA1,BRCA2,NF1,MSH2,COL4A5,MLH1,CACNA1S,TP53,ATP7A,MSH6,ATM,CFTR,ABCD1,MECP2,LMNA,ATP7B,TRPV4,POLG,FANCA,NALCN,VHL,ABCC8"
"HP","Fatigue","HP:0012378","0.0015783503252953862","2.8017965958942246","278","99","24","4003","TSC2,BRCA1,BRCA2,MYH7,NF1,MSH2,SCN5A,MLH1,TP53,ATP7A,MSH6,ATM,ABCD1,SCN4A,MYH6,GLA,POLG,SLC26A4,KCNQ1,COL5A1,TSC1,VHL,DYSF,COMP"
"HP","Nausea and vomiting","HP:0002017","0.001579258724949001","2.8015467150752036","370","99","28","4003","BRCA1,BRCA2,NF1,MSH2,COL4A5,SCN5A,MLH1,FLNA,TP53,ATP7A,MSH6,PAH,ABCD1,APC,SCN2A,PTCH1,EXT2,GLA,GALT,POLG,CPS1,NSD1,ABCC6,CACNA1A,COL5A1,LAMA3,VHL,ABCC8"
"HP","Sarcoma","HP:0100242","0.001581993685680185","2.8007952542642114","107","99","15","4003","TSC2,NF1,MSH2,COL4A5,MLH1,FLNA,TP53,MSH6,APC,NOTCH3,LMNA,PTCH1,EXT2,TSC1,PTPN11"
"HP","Abnormal homeostasis","HP:0012337","0.0015873575963086012","2.7993252253502505","1105","99","53","4003","TSC2,BRCA1,FBN1,BRCA2,SCN1A,SCN5A,SCN10A,CACNA1S,TP53,ABCA4,ATP7A,ATM,CFTR,MTOR,PAH,SCN9A,FLNB,KCNQ2,HBB,FLNC,F8,NOTCH3,CHD7,SCN4A,MECP2,MYH6,LMNA,ATP7B,PTCH1,GLA,MYH3,GALT,POLG,CPS1,NSD1,KCNQ1,ABCC6,CACNA1A,CASR,GAA,CRB1,COL5A1,TSC1,MYBPC3,NALCN,LAMA2,PTPN11,LAMA3,COL2A1,VHL,ABCC8,DYSF,NIPBL"
"HP","Mitral valve prolapse","HP:0001634","0.0017082522971113452","2.767447986602869","78","99","13","4003","FBN1,MYH7,NF1,FLNA,FBN2,LMNA,VWF,POLG,ABCC6,COL3A1,COL5A1,PTPN11,COL2A1"
"HP","Generalized abnormality of skin","HP:0011354","0.0018034752447994625","2.7438898145991684","724","99","41","4003","TSC2,BRCA1,FBN1,BRCA2,SCN1A,NF1,SCN8A,SCN10A,FLNA,TP53,ATP7A,ATM,CFTR,SCN9A,KCNQ2,HBB,SCN2A,COL7A1,F8,SCN4A,MYH6,LMNA,ATP7B,VWF,GLA,GALT,SLC26A4,NSD1,ABCC6,CACNA1A,NOTCH1,COL3A1,CASR,COL5A1,TSC1,FANCA,PTPN11,LAMA3,VHL,ACVRL1,NIPBL"
"HP","Abnormality of connective tissue","HP:0003549","0.0018156857438594446","2.740959316342421","1109","99","53","4003","TSC2,BRCA1,FBN1,BRCA2,MYH7,NF1,MSH2,SCN5A,MLH1,FLNA,FBN2,ABCA4,ATP7A,MSH6,MTOR,COL6A3,FLNB,CREBBP,MYO7A,ABCD1,APC,SCN2A,COL7A1,F8,NOTCH3,CHD7,SCN4A,MECP2,MYH6,LMNA,ATP7B,PTCH1,MYH3,TRPV4,NSD1,KCNQ1,ABCC6,CACNA1A,NOTCH1,COL3A1,CRB1,COL5A1,EHMT1,TSC1,FANCA,MYBPC3,NALCN,LAMA2,LAMA3,COL2A1,ABCC8,DYSF,NIPBL"
"HP","Abnormality of movement","HP:0100022","0.001967970779264009","2.705981354328769","1552","99","65","4003","TSC2,BRCA1,FBN1,BRCA2,MYH7,SCN1A,NF1,MSH2,SCN8A,MLH1,FLNA,CACNA1S,ABCA4,ATP7A,MSH6,ATM,CACNA1H,MTOR,SPTAN1,PAH,SCN9A,COL6A3,KCNQ2,FLNC,CREBBP,GRIN2B,ABCD1,APC,SCN2A,NOTCH3,CHD7,SCN4A,MECP2,LMNA,ATP7B,TGM6,PTCH1,EXT2,GLA,MYH3,GALT,TRPV4,POLG,GLDC,NSD1,ABCC6,COL10A1,MYH14,CACNA1A,CASR,GAA,CRB1,COL4A2,EHMT1,TUBA1A,TSC1,FANCA,NALCN,LAMA2,DNM1,COL2A1,VHL,ABCC8,DYSF,COMP"
"HP","Abnormality of the musculoskeletal system","HP:0033127","0.0021373480887510593","2.67012474282746","2605","99","88","4003","TSC2,BRCA1,LDLR,FBN1,BRCA2,MYH7,SCN1A,NF1,MSH2,SCN8A,SCN5A,MLH1,FLNA,CACNA1S,FBN2,TP53,ABCA4,ATP7A,MSH6,ATM,CFTR,MTOR,SPTAN1,PAH,SCN9A,COL6A3,FLNB,KCNQ2,HBB,FLNC,CREBBP,GRIN2B,MYO7A,ABCD1,APC,SCN2A,COL7A1,F8,NOTCH3,CHD7,SCN4A,MECP2,MYH6,LMNA,ATP7B,TGM6,VWF,PTCH1,EXT2,GLA,MYH3,GALT,TRPV4,POLG,CPS1,SLC26A4,GLDC,NSD1,KCNQ1,ABCC6,COL10A1,MYH14,DNAH5,CACNA1A,NOTCH1,COL3A1,CASR,GAA,CRB1,COL4A2,COL5A1,EHMT1,TUBA1A,TSC1,FANCA,MYBPC3,NALCN,LAMA2,PTPN11,DNM1,LAMA3,COL2A1,VHL,ABCC8,DYSF,ACVRL1,NIPBL,COMP"
"HP","Malignant neoplasm of the central nervous system","HP:0100836","0.0021770883237369866","2.6621239514212447","66","99","12","4003","TSC2,BRCA2,NF1,MSH2,MLH1,TP53,MSH6,APC,PTCH1,NSD1,TSC1,PTPN11"
"HP","Congestive heart failure","HP:0001635","0.002209418239720543","2.6557220650205347","161","99","18","4003","FBN1,MYH7,NF1,SCN5A,FLNA,CACNA1S,HBB,FLNC,SCN4A,MECP2,MYH6,LMNA,GLA,ABCC6,CASR,GAA,VHL,ACVRL1"
"HP","Abnormality of the forearm","HP:0002973","0.0024976752938603037","2.602464022027025","181","99","19","4003","BRCA1,BRCA2,FLNA,FLNB,CREBBP,APC,COL7A1,CHD7,EXT2,MYH3,TRPV4,COL10A1,COL5A1,FANCA,NALCN,PTPN11,COL2A1,NIPBL,COMP"
"HP","Abnormal nervous system morphology","HP:0012639","0.002901948733730319","2.5373102641431813","2071","99","77","4003","TSC2,BRCA1,LDLR,FBN1,BRCA2,MYH7,SCN1A,NF1,MSH2,SCN8A,SCN5A,MLH1,FLNA,TP53,ATP7A,MSH6,CFTR,MTOR,SPTAN1,PAH,SCN9A,COL6A3,FLNB,KCNQ2,HBB,FLNC,CREBBP,GRIN2B,MYO7A,ABCD1,APC,SCN2A,F8,NOTCH3,CHD7,SCN4A,MECP2,MYH6,LMNA,ATP7B,TGM6,PTCH1,EXT2,GLA,MYH3,TRPV4,POLG,CPS1,GLDC,NSD1,KCNQ1,ABCC6,MYH14,DNAH5,CACNA1A,NOTCH1,COL3A1,CASR,GAA,CRB1,COL4A2,COL5A1,EHMT1,TUBA1A,TSC1,FANCA,MYBPC3,NALCN,LAMA2,PTPN11,DNM1,COL2A1,VHL,ABCC8,ACVRL1,NIPBL,COMP"
"HP","Abnormal cardiac ventricular function","HP:0030872","0.0031855912235208006","2.4968099538202244","82","99","13","4003","LDLR,FBN1,MYH7,SCN5A,FLNC,MYH6,LMNA,POLG,ABCC6,GAA,LAMA2,VHL,DYSF"
"HP","Vascular dilatation","HP:0002617","0.003269652843980157","2.48549835619213","184","99","19","4003","TSC2,FBN1,NF1,FLNA,FBN2,ATP7A,FLNB,CHD7,LMNA,EXT2,MYH3,NSD1,ABCC6,NOTCH1,COL3A1,GAA,COL5A1,TSC1,PTPN11"
"HP","Constipation","HP:0002019","0.0033723142785810683","2.4720719586340807","289","99","24","4003","BRCA1,MSH2,MLH1,SCN10A,FLNA,CACNA1S,ATP7A,MSH6,SCN9A,CREBBP,ABCD1,APC,COL7A1,MECP2,PTCH1,EXT2,POLG,SLC26A4,NSD1,CACNA1A,CASR,COL5A1,NALCN,LAMA3"
"HP","Neoplasm of the skeletal system","HP:0010622","0.003666508417536139","2.435747313617968","69","99","12","4003","TSC2,MSH2,MLH1,TP53,ATP7A,MSH6,APC,LMNA,EXT2,TSC1,PTPN11,COL2A1"
"HP","Abnormality of the vasculature","HP:0002597","0.003879378321292324","2.4112378654533377","1310","99","58","4003","TSC2,BRCA1,LDLR,FBN1,BRCA2,MYH7,NF1,SCN5A,SCN10A,FLNA,FBN2,TP53,ABCA4,ATP7A,ATM,CFTR,MTOR,PAH,SCN9A,FLNB,KCNQ2,HBB,FLNC,CREBBP,COL7A1,F8,NOTCH3,CHD7,MECP2,MYH6,LMNA,ATP7B,VWF,PTCH1,EXT2,GLA,MYH3,CPS1,NSD1,KCNQ1,ABCC6,DNAH5,NOTCH1,COL3A1,CASR,GAA,CRB1,COL4A2,COL5A1,EHMT1,TSC1,FANCA,MYBPC3,LAMA2,PTPN11,VHL,ACVRL1,NIPBL"
"HP","Abnormal neck physiology","HP:0025669","0.004027484729510545","2.394966097563463","25","99","8","4003","MYH7,SCN1A,SCN9A,SCN2A,LMNA,MYH3,CACNA1A,COL2A1"
"HP","Limitation of neck motion","HP:0005986","0.004027484729510545","2.394966097563463","25","99","8","4003","MYH7,SCN1A,SCN9A,SCN2A,LMNA,MYH3,CACNA1A,COL2A1"
"HP","Abnormality of the endocrine system","HP:0000818","0.004867051864602513","2.312734025774027","970","99","48","4003","TSC2,BRCA1,FBN1,BRCA2,NF1,MSH2,COL4A5,MLH1,CACNA1S,TP53,ABCA4,ATP7A,MSH6,ATM,CFTR,FLNB,HBB,CREBBP,ABCD1,APC,SCN2A,COL7A1,NOTCH3,CHD7,SCN4A,MECP2,LMNA,ATP7B,PTCH1,EXT2,GLA,MYH3,GALT,POLG,SLC26A4,NSD1,KCNQ1,ABCC6,CASR,CRB1,EHMT1,TSC1,FANCA,PTPN11,COL2A1,VHL,ABCC8,NIPBL"
"HP","Soft tissue sarcoma","HP:0030448","0.004962684464601506","2.304283337061145","85","99","13","4003","TSC2,NF1,MSH2,COL4A5,MLH1,FLNA,TP53,MSH6,APC,NOTCH3,PTCH1,TSC1,PTPN11"
"HP","Fibroma","HP:0010614","0.005251632588004947","2.2797056654050274","58","99","11","4003","TSC2,NF1,MSH2,COL4A5,MLH1,FLNA,MSH6,APC,NOTCH3,PTCH1,TSC1"
"HP","Pes planus","HP:0001763","0.005499338498098857","2.259689547579073","252","99","22","4003","BRCA1,FBN1,BRCA2,MYH7,SCN1A,FLNA,ATP7A,MTOR,SCN9A,FLNB,CREBBP,SCN2A,CHD7,MECP2,LMNA,EXT2,TRPV4,NSD1,CACNA1A,COL5A1,FANCA,COL2A1"
"HP","Abnormal cardiac test","HP:0500015","0.005523416338303423","2.257792219746986","101","99","14","4003","FBN1,MYH7,SCN5A,SCN10A,CACNA1S,KCNH2,MECP2,MYH6,POLG,KCNQ1,CACNA1A,GAA,LAMA2,DYSF"
"HP","Hyperpigmentation of the skin","HP:0000953","0.005921160357630393","2.22759317713942","275","99","23","4003","TSC2,BRCA1,BRCA2,NF1,MSH2,MLH1,MSH6,ATM,MTOR,HBB,CREBBP,ABCD1,APC,COL7A1,NOTCH3,LMNA,NSD1,COL3A1,CASR,TSC1,FANCA,PTPN11,VHL"
"HP","Fibrous tissue neoplasm","HP:0012316","0.006324232315604212","2.1989921849871674","59","99","11","4003","TSC2,NF1,MSH2,COL4A5,MLH1,FLNA,MSH6,APC,NOTCH3,PTCH1,TSC1"
"HP","Neoplasm of the nervous system","HP:0004375","0.007396297777268701","2.130985612328805","137","99","16","4003","TSC2,BRCA2,NF1,MSH2,MLH1,TP53,MSH6,CREBBP,APC,NOTCH3,LMNA,PTCH1,NSD1,TSC1,PTPN11,VHL"
"HP","Cardiac conduction abnormality","HP:0031546","0.008055271362338353","2.0939198246822475","104","99","14","4003","MYH7,SCN5A,SCN10A,CACNA1S,CREBBP,KCNH2,MYH6,LMNA,GLA,KCNQ1,CACNA1A,MYBPC3,PTPN11,DYSF"
"HP","Subcutaneous nodule","HP:0001482","0.009068314401765792","2.042473431136504","61","99","11","4003","TSC2,FBN1,APC,COL7A1,NOTCH3,GLA,ABCC6,COL3A1,COL5A1,TSC1,PTPN11"
"HP","Abnormality of the urinary system","HP:0000079","0.009220563650644123","2.0352425298268124","1376","99","59","4003","TSC2,BRCA1,LDLR,FBN1,BRCA2,NF1,MSH2,COL4A5,MLH1,FLNA,CACNA1S,TP53,ATP7A,MSH6,CACNA1H,CFTR,MTOR,PAH,SCN9A,FLNB,HBB,CREBBP,ABCD1,APC,SCN2A,COL7A1,F8,NOTCH3,CHD7,MECP2,LMNA,ATP7B,PTCH1,EXT2,GLA,GALT,TRPV4,POLG,CPS1,SLC26A4,GLDC,NSD1,KCNQ1,ABCC6,COL3A1,CASR,GAA,COL5A1,EHMT1,TSC1,FANCA,PTPN11,LAMA3,COL2A1,VHL,ABCC8,DYSF,ACVRL1,NIPBL"
"HP","Abnormality of limbs","HP:0040064","0.00941921986649736","2.0259850655410494","1647","99","66","4003","BRCA1,FBN1,BRCA2,MYH7,SCN1A,NF1,SCN8A,SCN5A,FLNA,CACNA1S,FBN2,TP53,ATP7A,CFTR,MTOR,PAH,SCN9A,COL6A3,FLNB,HBB,FLNC,CREBBP,ABCD1,APC,SCN2A,COL7A1,NOTCH3,CHD7,SCN4A,MECP2,MYH6,LMNA,ATP7B,PTCH1,EXT2,GLA,MYH3,TRPV4,POLG,NSD1,KCNQ1,ABCC6,COL10A1,MYH14,DNAH5,CACNA1A,NOTCH1,COL3A1,CASR,COL5A1,EHMT1,FANCA,MYBPC3,NALCN,LAMA2,PTPN11,DNM1,LAMA3,COL2A1,VHL,FLG,ABCC8,DYSF,ACVRL1,NIPBL,COMP"
"HP","Transient ischemic attack","HP:0002326","0.010000391574346493","1.9999829944751504","49","99","10","4003","FBN1,TP53,NOTCH3,MYH6,LMNA,GLA,ABCC6,COL3A1,MYBPC3,ACVRL1"
"HP","Abnormality of the upper limb","HP:0002817","0.010249757759403776","1.9892863985104128","1198","99","54","4003","BRCA1,FBN1,BRCA2,MYH7,SCN1A,NF1,SCN5A,FLNA,FBN2,ATP7A,CFTR,MTOR,PAH,SCN9A,COL6A3,FLNB,FLNC,CREBBP,ABCD1,APC,SCN2A,COL7A1,CHD7,SCN4A,MECP2,MYH6,LMNA,ATP7B,PTCH1,EXT2,GLA,MYH3,TRPV4,POLG,NSD1,ABCC6,COL10A1,CACNA1A,NOTCH1,COL3A1,COL5A1,EHMT1,FANCA,MYBPC3,NALCN,LAMA2,PTPN11,LAMA3,COL2A1,FLG,ABCC8,DYSF,NIPBL,COMP"
"HP","Abnormality of forearm bone","HP:0040072","0.010565856236431605","1.9760953028057342","178","99","18","4003","BRCA1,BRCA2,FLNA,FLNB,CREBBP,APC,CHD7,EXT2,MYH3,TRPV4,COL10A1,COL5A1,FANCA,NALCN,PTPN11,COL2A1,NIPBL,COMP"
"HP","Clinical modifier","HP:0012823","0.0107512029077585","1.9685429416111508","1612","99","65","4003","TSC2,FBN1,BRCA2,MYH7,SCN1A,NF1,MSH2,COL4A5,SCN8A,SCN5A,MLH1,SCN10A,FLNA,CACNA1S,FBN2,ABCA4,ATP7A,MSH6,CFTR,MTOR,SPTAN1,SCN9A,COL6A3,FLNB,KCNQ2,HBB,FLNC,CREBBP,GRIN2B,MYO7A,ABCD1,SCN2A,COL7A1,F8,NOTCH3,CHD7,SCN4A,MECP2,LMNA,TGM6,VWF,PTCH1,EXT2,GLA,TRPV4,POLG,GLDC,NSD1,COL10A1,MYH14,DNAH5,CACNA1A,CASR,CRB1,COL4A2,TSC1,NALCN,LAMA2,LAMA3,COL2A1,VHL,FLG,OTOF,ABCC8,DYSF"
"HP","Hernia of the abdominal wall","HP:0004299","0.01175421037631239","1.9298065405695557","332","99","25","4003","BRCA1,FBN1,BRCA2,FLNA,ATP7A,MTOR,FLNB,CREBBP,SCN2A,NOTCH3,CHD7,MECP2,PTCH1,MYH3,NSD1,KCNQ1,NOTCH1,COL3A1,COL5A1,EHMT1,FANCA,NALCN,COL2A1,ABCC8,NIPBL"
"HP","Abnormal hip joint morphology","HP:0001384","0.011820565285126962","1.9273617540519656","263","99","22","4003","BRCA1,FBN1,BRCA2,MYH7,FLNA,ATP7A,COL6A3,FLNB,APC,LMNA,PTCH1,EXT2,MYH3,TRPV4,ABCC6,COL10A1,COL3A1,COL5A1,FANCA,COL2A1,NIPBL,COMP"
"HP","Neuroepithelial neoplasm","HP:0030063","0.012819965713013842","1.8921131363358288","63","99","11","4003","TSC2,BRCA2,NF1,MSH2,MLH1,TP53,MSH6,APC,NSD1,TSC1,PTPN11"
"HP","Abnormal central motor function","HP:0011442","0.014364774298052446","1.8427011933323496","1429","99","60","4003","TSC2,SCN1A,NF1,MSH2,SCN8A,SCN5A,MLH1,FLNA,CACNA1S,TP53,ATP7A,MSH6,ATM,CACNA1H,MTOR,SPTAN1,PAH,SCN9A,COL6A3,KCNQ2,CREBBP,GRIN2B,MYO7A,ABCD1,APC,SCN2A,NOTCH3,CHD7,SCN4A,MECP2,LMNA,ATP7B,TGM6,PTCH1,EXT2,GLA,GALT,TRPV4,POLG,CPS1,SLC26A4,GLDC,NSD1,ABCC6,MYH14,CACNA1A,NOTCH1,COL3A1,CASR,GAA,CRB1,COL4A2,EHMT1,TUBA1A,TSC1,NALCN,DNM1,VHL,ABCC8,DYSF"
"HP","Abdominal wall defect","HP:0010866","0.01484714584599347","1.8283570253009944","336","99","25","4003","BRCA1,FBN1,BRCA2,FLNA,ATP7A,MTOR,FLNB,CREBBP,SCN2A,NOTCH3,CHD7,MECP2,PTCH1,MYH3,NSD1,KCNQ1,NOTCH1,COL3A1,COL5A1,EHMT1,FANCA,NALCN,COL2A1,ABCC8,NIPBL"
"HP","Tissue ischemia","HP:0033401","0.015027701964855113","1.823107426617858","78","99","12","4003","FBN1,MYH7,SCN5A,TP53,NOTCH3,MYH6,LMNA,GLA,ABCC6,COL3A1,MYBPC3,ACVRL1"
"HP","Cerebral ischemia","HP:0002637","0.015027701964855113","1.823107426617858","78","99","12","4003","FBN1,MYH7,SCN5A,TP53,NOTCH3,MYH6,LMNA,GLA,ABCC6,COL3A1,MYBPC3,ACVRL1"
"HP","Abnormality of tibia morphology","HP:0002992","0.015027701964855113","1.823107426617858","78","99","12","4003","SCN1A,NF1,FLNA,TP53,ATP7A,SCN9A,FLNB,SCN2A,CHD7,EXT2,COL10A1,COL2A1"
"HP","Skin nodule","HP:0200036","0.015027701964855113","1.823107426617858","78","99","12","4003","TSC2,LDLR,FBN1,APC,COL7A1,NOTCH3,GLA,ABCC6,COL3A1,COL5A1,TSC1,PTPN11"
"HP","Nervous tissue neoplasm","HP:0030060","0.015166694982282703","1.8191090472512763","64","99","11","4003","TSC2,BRCA2,NF1,MSH2,MLH1,TP53,MSH6,APC,NSD1,TSC1,PTPN11"
"HP","Neuroectodermal neoplasm","HP:0030061","0.015166694982282703","1.8191090472512763","64","99","11","4003","TSC2,BRCA2,NF1,MSH2,MLH1,TP53,MSH6,APC,NSD1,TSC1,PTPN11"
"HP","Abdominal pain","HP:0002027","0.016088101702901873","1.7934951969569717","224","99","20","4003","TSC2,BRCA1,BRCA2,NF1,MSH2,COL4A5,SCN5A,MLH1,TP53,ATP7A,MSH6,CFTR,HBB,ABCD1,APC,GLA,POLG,CASR,TSC1,VHL"
"HP","Abnormal cardiac ventricle morphology","HP:0001713","0.016133808945162514","1.792263090231343","464","99","30","4003","LDLR,FBN1,MYH7,NF1,MSH2,SCN5A,MLH1,FLNA,FBN2,MSH6,CFTR,PAH,FLNB,CREBBP,SCN2A,NOTCH3,CHD7,MYH6,LMNA,EXT2,GLA,POLG,NSD1,ABCC6,NOTCH1,GAA,MYBPC3,PTPN11,DYSF,NIPBL"
"HP","Abnormal mitral valve physiology","HP:0031481","0.01647298846279656","1.7832276057381158","110","99","14","4003","LDLR,FBN1,MYH7,NF1,FLNA,FBN2,FLNC,MYH6,LMNA,GLA,POLG,ABCC6,NOTCH1,COL5A1"
"HP","Abnormality of the radius","HP:0002818","0.016835053925181843","1.7737854881638402","164","99","17","4003","BRCA1,BRCA2,FLNA,FLNB,CREBBP,APC,CHD7,EXT2,MYH3,TRPV4,COL10A1,COL5A1,FANCA,NALCN,PTPN11,NIPBL,COMP"
"HP","Short tubular bones of the hand","HP:0001248","0.01761907177757002","1.7540169751803802","4","99","4","4003","FLNB,TRPV4,COL10A1,COL2A1"
"HP","Irregular acetabular roof","HP:0008833","0.01761907177757002","1.7540169751803802","4","99","4","4003","TRPV4,COL10A1,COL2A1,COMP"
"HP","Abnormality of the hand","HP:0001155","0.017781608082471534","1.7500289661012511","1111","99","51","4003","BRCA1,FBN1,BRCA2,MYH7,NF1,SCN5A,FLNA,FBN2,ATP7A,CFTR,MTOR,PAH,SCN9A,COL6A3,FLNB,FLNC,CREBBP,ABCD1,APC,SCN2A,COL7A1,CHD7,SCN4A,MECP2,MYH6,LMNA,ATP7B,PTCH1,EXT2,GLA,MYH3,TRPV4,POLG,NSD1,ABCC6,COL10A1,NOTCH1,COL3A1,COL5A1,EHMT1,FANCA,MYBPC3,NALCN,PTPN11,LAMA3,COL2A1,FLG,ABCC8,DYSF,NIPBL,COMP"
"HP","Neoplasm by histology","HP:0011792","0.01784762479606971","1.7484195726384562","247","99","21","4003","TSC2,BRCA1,BRCA2,NF1,MSH2,COL4A5,MLH1,FLNA,TP53,MSH6,APC,COL7A1,NOTCH3,LMNA,PTCH1,EXT2,NSD1,KCNQ1,TSC1,PTPN11,VHL"
"HP","Ventricular arrhythmia","HP:0004308","0.018095346076079877","1.742433106532319","146","99","16","4003","TSC2,MYH7,SCN5A,SCN10A,CACNA1S,SCN9A,KCNH2,MYH6,LMNA,POLG,KCNQ1,GAA,TSC1,MYBPC3,VHL,ABCC8"
"HP","Abnormal aortic valve morphology","HP:0001646","0.0206843699680563","1.6843577028837051","112","99","14","4003","BRCA1,FBN1,BRCA2,MYH7,FLNA,FBN2,CREBBP,NOTCH3,CHD7,LMNA,GLA,MYH3,NOTCH1,FANCA"
"HP","Abnormality of the musculature","HP:0003011","0.020957816367020737","1.678653969262562","2013","99","74","4003","TSC2,FBN1,MYH7,SCN1A,NF1,MSH2,SCN8A,SCN5A,MLH1,FLNA,CACNA1S,FBN2,TP53,ATP7A,MSH6,ATM,MTOR,SPTAN1,PAH,SCN9A,COL6A3,FLNB,KCNQ2,HBB,FLNC,CREBBP,GRIN2B,ABCD1,APC,SCN2A,COL7A1,F8,NOTCH3,CHD7,SCN4A,MECP2,MYH6,LMNA,ATP7B,TGM6,PTCH1,EXT2,GLA,MYH3,TRPV4,POLG,CPS1,SLC26A4,GLDC,NSD1,KCNQ1,MYH14,CACNA1A,NOTCH1,COL3A1,CASR,GAA,CRB1,COL4A2,COL5A1,EHMT1,TUBA1A,TSC1,MYBPC3,NALCN,LAMA2,PTPN11,DNM1,COL2A1,VHL,ABCC8,DYSF,NIPBL,COMP"
"HP","Palpitations","HP:0001962","0.021027623183310442","1.6772098141757381","66","99","11","4003","NF1,SCN5A,CACNA1S,TP53,SCN9A,KCNH2,MYH6,POLG,KCNQ1,VHL,ABCC8"
"HP","Keloids","HP:0010562","0.022088774469032887","1.6558283790177035","8","99","5","4003","FLNA,ATP7A,CREBBP,APC,COL7A1"
"HP","Abnormal skeletal morphology","HP:0011842","0.02359295992436015","1.627217570001377","2152","99","77","4003","TSC2,BRCA1,LDLR,FBN1,BRCA2,MYH7,SCN1A,NF1,MSH2,SCN8A,SCN5A,MLH1,FLNA,FBN2,TP53,ATP7A,MSH6,ATM,CFTR,MTOR,SPTAN1,PAH,SCN9A,COL6A3,FLNB,HBB,FLNC,CREBBP,GRIN2B,ABCD1,APC,SCN2A,COL7A1,F8,NOTCH3,CHD7,SCN4A,MECP2,LMNA,ATP7B,VWF,PTCH1,EXT2,GLA,MYH3,GALT,TRPV4,POLG,SLC26A4,NSD1,KCNQ1,ABCC6,COL10A1,MYH14,DNAH5,CACNA1A,NOTCH1,COL3A1,CASR,CRB1,COL5A1,EHMT1,TUBA1A,TSC1,FANCA,NALCN,LAMA2,PTPN11,DNM1,LAMA3,COL2A1,VHL,ABCC8,DYSF,ACVRL1,NIPBL,COMP"
"HP","Impairment in personality functioning","HP:0031466","0.024258109760080214","1.6151430432365395","527","99","32","4003","TSC2,SCN1A,NF1,MSH2,SCN8A,MLH1,TP53,MSH6,CACNA1H,PAH,SCN9A,CREBBP,MYO7A,SCN2A,COL7A1,NOTCH3,CHD7,MECP2,ATP7B,PTCH1,GLA,GALT,POLG,GLDC,NSD1,CACNA1A,CASR,EHMT1,TSC1,DNM1,VHL,NIPBL"
"HP","Abnormal atrioventricular valve physiology","HP:0031650","0.024637331904152394","1.6084063258113575","131","99","15","4003","LDLR,FBN1,MYH7,NF1,SCN5A,FLNA,FBN2,FLNC,MYH6,LMNA,GLA,POLG,ABCC6,NOTCH1,COL5A1"
"HP","Abnormality of brain morphology","HP:0012443","0.024808002691315233","1.6054081996559568","1806","99","69","4003","TSC2,BRCA1,LDLR,FBN1,BRCA2,SCN1A,NF1,MSH2,SCN8A,SCN5A,MLH1,FLNA,TP53,ATP7A,MSH6,CFTR,MTOR,SPTAN1,PAH,SCN9A,FLNB,KCNQ2,HBB,FLNC,CREBBP,GRIN2B,MYO7A,ABCD1,APC,SCN2A,F8,NOTCH3,CHD7,MECP2,MYH6,LMNA,TGM6,PTCH1,EXT2,GLA,MYH3,TRPV4,POLG,CPS1,GLDC,NSD1,KCNQ1,ABCC6,DNAH5,CACNA1A,NOTCH1,COL3A1,CASR,GAA,CRB1,COL4A2,COL5A1,EHMT1,TUBA1A,TSC1,FANCA,MYBPC3,NALCN,LAMA2,DNM1,COL2A1,VHL,ACVRL1,NIPBL"
"HP","Abnormal exteroceptive sensation","HP:0033747","0.028359627433177475","1.547299478876065","170","99","17","4003","FBN1,SCN1A,MSH2,MLH1,SCN10A,TP53,MSH6,SCN9A,ABCD1,SCN4A,MECP2,GLA,POLG,CACNA1A,CASR,NALCN,COMP"
"HP","Left ventricular systolic dysfunction","HP:0025169","0.028784300506225952","1.5408443199686996","22","99","7","4003","MYH7,SCN5A,LMNA,POLG,ABCC6,LAMA2,DYSF"
"HP","Abnormal upper limb bone morphology","HP:0040070","0.02961538093051735","1.528482676835035","373","99","26","4003","BRCA1,FBN1,BRCA2,FLNA,ATP7A,SCN9A,FLNB,CREBBP,APC,CHD7,LMNA,PTCH1,EXT2,MYH3,TRPV4,NSD1,COL10A1,NOTCH1,COL3A1,COL5A1,FANCA,NALCN,PTPN11,COL2A1,NIPBL,COMP"
"HP","Cyanosis","HP:0000961","0.030252700688513535","1.5192358493829339","83","99","12","4003","SCN1A,SCN8A,SCN9A,KCNQ2,HBB,SCN2A,SCN4A,MYH6,LMNA,ABCC6,COL5A1,ACVRL1"
"HP","Gonadal neoplasm","HP:0010785","0.030252700688513535","1.5192358493829339","83","99","12","4003","BRCA1,BRCA2,MSH2,MLH1,TP53,MSH6,CREBBP,LMNA,PTCH1,NSD1,KCNQ1,VHL"
"HP","Abnormal lung morphology","HP:0002088","0.030774400396977413","1.5118104000317676","830","99","42","4003","TSC2,FBN1,BRCA2,MYH7,NF1,COL4A5,SCN10A,FLNA,TP53,ATM,CFTR,SCN9A,COL6A3,FLNB,FLNC,CREBBP,NOTCH3,CHD7,MECP2,MYH6,LMNA,PTCH1,EXT2,GLA,MYH3,TRPV4,NSD1,DNAH5,NOTCH1,COL3A1,GAA,COL5A1,EHMT1,TSC1,MYBPC3,LAMA2,PTPN11,LAMA3,COL2A1,VHL,ACVRL1,NIPBL"
"HP","Dyspnea","HP:0002094","0.03097490035581824","1.5089900820459392","301","99","23","4003","TSC2,LDLR,FBN1,COL4A5,SCN5A,CFTR,HBB,FLNC,CREBBP,SCN4A,MYH6,LMNA,GLA,POLG,ABCC6,CACNA1A,CASR,GAA,TSC1,MYBPC3,LAMA3,COL2A1,ACVRL1"
"HP","Abnormality of the kidney","HP:0000077","0.03127731770241994","1.5047704984826111","927","99","45","4003","TSC2,BRCA1,LDLR,FBN1,BRCA2,NF1,MSH2,COL4A5,MLH1,FLNA,CACNA1S,TP53,ATP7A,MSH6,CFTR,PAH,FLNB,HBB,CREBBP,APC,SCN2A,COL7A1,F8,NOTCH3,CHD7,LMNA,ATP7B,PTCH1,EXT2,GLA,SLC26A4,NSD1,KCNQ1,ABCC6,COL3A1,CASR,EHMT1,TSC1,FANCA,PTPN11,LAMA3,VHL,ABCC8,ACVRL1,NIPBL"
"HP","Intestinal polyp","HP:0005266","0.03147214446825085","1.5020736638552117","55","99","10","4003","MSH2,MLH1,TP53,ATP7A,MSH6,MTOR,ABCD1,APC,PTCH1,ACVRL1"
"HP","Genital neoplasm","HP:0010787","0.03212667054751037","1.4931342802924816","116","99","14","4003","BRCA1,BRCA2,MSH2,COL4A5,MLH1,TP53,MSH6,CREBBP,APC,LMNA,PTCH1,NSD1,KCNQ1,VHL"
"HP","Cafe-au-lait spot","HP:0000957","0.03319545004363121","1.478921439077891","134","99","15","4003","TSC2,BRCA1,BRCA2,NF1,MSH2,MLH1,MSH6,ATM,MTOR,CREBBP,APC,TSC1,FANCA,PTPN11,VHL"
"HP","Neoplasm of the gastrointestinal tract","HP:0007378","0.033896712026172865","1.4698424262259118","213","99","19","4003","BRCA1,BRCA2,NF1,MSH2,COL4A5,MLH1,TP53,ATP7A,MSH6,MTOR,HBB,ABCD1,APC,LMNA,ATP7B,PTCH1,KCNQ1,ABCC8,ACVRL1"
"HP","Gastroesophageal reflux","HP:0002020","0.03939865233882569","1.4045186332967958","329","99","24","4003","FBN1,COL4A5,SCN8A,FLNA,ATP7A,SCN9A,KCNQ2,CREBBP,GRIN2B,COL7A1,CHD7,MECP2,PTCH1,EXT2,POLG,NSD1,CACNA1A,COL5A1,EHMT1,NALCN,LAMA2,DNM1,COL2A1,NIPBL"
"HP","Abnormality of blood circulation","HP:0011028","0.03975790724565133","1.400576483821644","259","99","21","4003","TSC2,FBN1,NF1,MSH2,MLH1,ATP7A,MSH6,APC,F8,NOTCH3,MYH6,LMNA,VWF,ABCC6,NOTCH1,COL3A1,COL4A2,TSC1,VHL,ABCC8,ACVRL1"
"HP","Morphological abnormality of the gastrointestinal tract","HP:0012718","0.0400584691464632","1.3973056514964388","744","99","39","4003","BRCA1,BRCA2,MSH2,COL4A5,MLH1,FLNA,FBN2,TP53,ATP7A,MSH6,CFTR,MTOR,PAH,FLNB,CREBBP,ABCD1,APC,COL7A1,NOTCH3,CHD7,MECP2,LMNA,ATP7B,VWF,PTCH1,EXT2,GLA,MYH3,POLG,NSD1,DNAH5,NOTCH1,COL3A1,COL5A1,EHMT1,FANCA,LAMA3,ACVRL1,NIPBL"
"HP","Abnormal echocardiogram","HP:0003116","0.041093318778969955","1.3862287828269704","15","99","6","4003","FBN1,MYH7,SCN5A,POLG,LAMA2,DYSF"
"HP","Abnormal circulating metabolite concentration","HP:0032180","0.041459940294494936","1.3823713276591878","903","99","44","4003","LDLR,FBN1,MYH7,NF1,SCN5A,SCN10A,CACNA1S,TP53,ATP7A,ATM,CFTR,PAH,COL6A3,HBB,FLNC,ABCD1,COL7A1,KCNH2,NOTCH3,CHD7,SCN4A,MECP2,MYH6,LMNA,ATP7B,GLA,GALT,TRPV4,POLG,CPS1,GLDC,NSD1,KCNQ1,ABCC6,MYH14,COL3A1,CASR,GAA,MYBPC3,LAMA2,LAMA3,VHL,ABCC8,DYSF"
"HP","Abnormal esophagus physiology","HP:0025270","0.04220642793024541","1.374621402070388","568","99","33","4003","FBN1,MYH7,NF1,COL4A5,SCN8A,FLNA,ATP7A,SCN9A,KCNQ2,CREBBP,GRIN2B,ABCD1,COL7A1,NOTCH3,CHD7,SCN4A,MECP2,ATP7B,TGM6,PTCH1,EXT2,GLA,POLG,NSD1,CACNA1A,COL5A1,EHMT1,NALCN,LAMA2,DNM1,COL2A1,DYSF,NIPBL"
"HP","Abnormality of the skeletal system","HP:0000924","0.043721636414948584","1.3593035916289606","2223","99","78","4003","TSC2,BRCA1,LDLR,FBN1,BRCA2,MYH7,SCN1A,NF1,MSH2,SCN8A,SCN5A,MLH1,FLNA,FBN2,TP53,ATP7A,MSH6,ATM,CFTR,MTOR,SPTAN1,PAH,SCN9A,COL6A3,FLNB,HBB,FLNC,CREBBP,GRIN2B,MYO7A,ABCD1,APC,SCN2A,COL7A1,F8,NOTCH3,CHD7,SCN4A,MECP2,LMNA,ATP7B,VWF,PTCH1,EXT2,GLA,MYH3,GALT,TRPV4,POLG,SLC26A4,NSD1,KCNQ1,ABCC6,COL10A1,MYH14,DNAH5,CACNA1A,NOTCH1,COL3A1,CASR,CRB1,COL5A1,EHMT1,TUBA1A,TSC1,FANCA,NALCN,LAMA2,PTPN11,DNM1,LAMA3,COL2A1,VHL,ABCC8,DYSF,ACVRL1,NIPBL,COMP"
"HP","Abnormality of digestive system morphology","HP:0025033","0.04461589096031419","1.350510429915808","747","99","39","4003","BRCA1,BRCA2,MSH2,COL4A5,MLH1,FLNA,FBN2,TP53,ATP7A,MSH6,CFTR,MTOR,PAH,FLNB,CREBBP,ABCD1,APC,COL7A1,NOTCH3,CHD7,MECP2,LMNA,ATP7B,VWF,PTCH1,EXT2,GLA,MYH3,POLG,NSD1,DNAH5,NOTCH1,COL3A1,COL5A1,EHMT1,FANCA,LAMA3,ACVRL1,NIPBL"
"HP","Mode of inheritance","HP:0000005","0.04607797465923781","1.336506618422688","3149","99","95","4003","TSC2,BRCA1,LDLR,FBN1,BRCA2,MYH7,SCN1A,NF1,MSH2,COL4A5,SCN8A,SCN5A,MLH1,SCN10A,FLNA,CACNA1S,FBN2,TP53,ABCA4,ATP7A,MSH6,ATM,CACNA1H,CFTR,MTOR,SPTAN1,PAH,SCN9A,COL6A3,FLNB,KCNQ2,HBB,FLNC,CREBBP,GRIN2B,MYO7A,ABCD1,APC,SCN2A,COL7A1,F8,KCNH2,NOTCH3,CHD7,SCN4A,MECP2,MYH6,LMNA,ATP7B,TGM6,VWF,PTCH1,EXT2,GLA,MYH3,GALT,TRPV4,POLG,CPS1,SLC26A4,GLDC,NSD1,KCNQ1,ABCC6,COL10A1,MYH14,CACNA1F,DNAH5,CACNA1A,NOTCH1,COL3A1,CASR,GAA,CRB1,COL4A2,COL5A1,EHMT1,TUBA1A,TSC1,FANCA,MYBPC3,NALCN,LAMA2,PTPN11,DNM1,LAMA3,COL2A1,VHL,FLG,OTOF,ABCC8,DYSF,ACVRL1,NIPBL,COMP"
"HP","Abnormal internal genitalia","HP:0000812","0.04729758696040763","1.3251610156366476","382","99","26","4003","TSC2,BRCA1,BRCA2,MSH2,COL4A5,MLH1,TP53,MSH6,ATM,CFTR,CREBBP,APC,COL7A1,CHD7,LMNA,PTCH1,GALT,POLG,KCNQ1,COL3A1,COL5A1,TSC1,FANCA,PTPN11,VHL,NIPBL"
"HP","Abnormal glial cell morphology","HP:0100705","0.048968946551842404","1.3100792386741007","120","99","14","4003","TSC2,BRCA2,NF1,MSH2,MLH1,TP53,MSH6,MTOR,APC,POLG,NSD1,EHMT1,TSC1,LAMA2"
"HP","Abnormal scapula morphology","HP:0000782","0.048968946551842404","1.3100792386741007","120","99","14","4003","FBN1,MYH7,FLNA,COL6A3,FLNB,LMNA,PTCH1,EXT2,TRPV4,POLG,COL3A1,PTPN11,COL2A1,DYSF"
"HP","Abnormal arterial physiology","HP:0025323","0.04979646377956929","1.3028014969099297","103","99","13","4003","FBN1,MYH7,SCN5A,TP53,NOTCH3,MYH6,LMNA,GLA,ABCC6,COL3A1,COL5A1,MYBPC3,ACVRL1"
